network,subset_name,eval_subset,seed,optimizer,layers,accuracy,precision,recall,f1,precision_w,recall_w,f1_w
EfficientNetV2B0,all,all,2,AdamW,GlobalMaxPooling2D,0.5915119363395226,0.589366515837104,0.5869798430354017,0.586127744510978,0.5900596516917316,0.5915119363395226,0.5887572335435229
EfficientNetV2B0,all,microscope,2,AdamW,GlobalMaxPooling2D,0.5949367088607594,0.5958232931726908,0.5956389289722623,0.5948717948717949,0.5962665853286564,0.5949367088607594,0.5947419668938656
EfficientNetV2B0,all,phone,2,AdamW,GlobalMaxPooling2D,0.6262626262626263,0.6024590163934427,0.6035309503051438,0.6029268292682928,0.6283325053816857,0.6262626262626263,0.6272349511373903
EfficientNetV2B0,all,fresh,2,AdamW,GlobalMaxPooling2D,0.6488095238095238,0.6367647058823529,0.6361440491875274,0.6364303268165645,0.6480567226890757,0.6488095238095238,0.6484101948742671
EfficientNetV2B0,all,dried,2,AdamW,GlobalMaxPooling2D,0.5280898876404494,0.5275252525252525,0.5278061224489796,0.5265957446808511,0.5326069685620247,0.5280898876404494,0.5292852020081281
EfficientNetV2B0,all,comparison,2,AdamW,GlobalMaxPooling2D,0.6070038910505836,0.6035828416912488,0.6027618583099622,0.6029400517033026,0.6059003267411208,0.6070038910505836,0.6062223834837989
EfficientNetV2B0,all,all,4,AdamW,GlobalMaxPooling2D,0.6312997347480106,0.6300034506556245,0.627632544746203,0.6275153712193908,0.6304983954908991,0.6312997347480106,0.6296067300115228
EfficientNetV2B0,all,microscope,4,AdamW,GlobalMaxPooling2D,0.6708860759493671,0.6706750040083373,0.6706750040083373,0.6706750040083373,0.6708860759493671,0.6708860759493671,0.6708860759493671
EfficientNetV2B0,all,phone,4,AdamW,GlobalMaxPooling2D,0.6565656565656566,0.625,0.6059285091543156,0.6075093283582089,0.6425364758698092,0.6565656565656566,0.6425495627921002
EfficientNetV2B0,all,fresh,4,AdamW,GlobalMaxPooling2D,0.6785714285714286,0.6666155967519534,0.6592007026789635,0.6612397311426438,0.6744128783733503,0.6785714285714286,0.6749226501653686
EfficientNetV2B0,all,dried,4,AdamW,GlobalMaxPooling2D,0.6404494382022472,0.6380445795339412,0.6390306122448979,0.6382113821138211,0.6423733251368919,0.6404494382022472,0.6410888827989403
EfficientNetV2B0,all,comparison,4,AdamW,GlobalMaxPooling2D,0.6653696498054474,0.6630002485707184,0.6599195220095111,0.6604289577187807,0.6642138443250918,0.6653696498054474,0.6637758781645872
EfficientNetV2B0,all,all,6,AdamW,GlobalMaxPooling2D,0.6339522546419099,0.632688828584351,0.63251651516007,0.6325847457627118,0.6337501064727004,0.6339522546419099,0.6338333408263274
EfficientNetV2B0,all,microscope,6,AdamW,GlobalMaxPooling2D,0.6392405063291139,0.6419547872340425,0.6369248035914703,0.6350151975683891,0.6415928831133854,0.6392405063291139,0.6360093878650301
EfficientNetV2B0,all,phone,6,AdamW,GlobalMaxPooling2D,0.6666666666666666,0.6409502262443438,0.6357890148212728,0.6376843739602972,0.6616892911010558,0.6666666666666666,0.6635614210195556
EfficientNetV2B0,all,fresh,6,AdamW,GlobalMaxPooling2D,0.6845238095238095,0.6744897959183673,0.6752305665349143,0.6748347514881496,0.6852405247813411,0.6845238095238095,0.684857914973315
EfficientNetV2B0,all,dried,6,AdamW,GlobalMaxPooling2D,0.5842696629213483,0.5759176863181312,0.5696428571428571,0.5665394234566276,0.5787016785192036,0.5842696629213483,0.5754045431889879
EfficientNetV2B0,all,comparison,6,AdamW,GlobalMaxPooling2D,0.6498054474708171,0.6496487403100775,0.6506523594683575,0.6491627229705133,0.6529395906856091,0.6498054474708171,0.6503897424710933
EfficientNetV2B0,all,all,8,AdamW,GlobalMaxPooling2D,0.6445623342175066,0.6437728937728937,0.6440488961662244,0.6438381274675691,0.6450481437218838,0.6445623342175066,0.6447327358057272
EfficientNetV2B0,all,microscope,8,AdamW,GlobalMaxPooling2D,0.6962025316455697,0.703904005408146,0.6934423601090267,0.6912554958475818,0.7030482861011931,0.6962025316455697,0.6922449030071794
EfficientNetV2B0,all,phone,8,AdamW,GlobalMaxPooling2D,0.6565656565656566,0.6258620689655172,0.6113775065387969,0.6136363636363636,0.6445837687216998,0.6565656565656566,0.6461585552494643
EfficientNetV2B0,all,fresh,8,AdamW,GlobalMaxPooling2D,0.6726190476190477,0.66875,0.6739130434782609,0.6683774180813264,0.6832589285714286,0.6726190476190477,0.6750747278777283
EfficientNetV2B0,all,dried,8,AdamW,GlobalMaxPooling2D,0.6966292134831461,0.6951466127401416,0.6969387755102041,0.6952441344324667,0.6995944149691551,0.6966292134831461,0.6973217530084858
EfficientNetV2B0,all,comparison,8,AdamW,GlobalMaxPooling2D,0.6809338521400778,0.6802071973827699,0.6813498353859285,0.6801153612629023,0.6832591473634632,0.6809338521400778,0.6814375388337243
EfficientNetV2B0,all,all,10,AdamW,GlobalMaxPooling2D,0.6392572944297082,0.6390789473684211,0.6342809553384903,0.6335620354488278,0.6391302526874215,0.6392572944297082,0.6361067256317744
EfficientNetV2B0,all,microscope,10,AdamW,GlobalMaxPooling2D,0.6518987341772152,0.6517628205128205,0.6518358185024852,0.6517731917451413,0.6520346478416099,0.6518987341772152,0.6519405816545731
EfficientNetV2B0,all,phone,10,AdamW,GlobalMaxPooling2D,0.6868686868686869,0.6658333333333333,0.6301220575414124,0.6327629532128755,0.6761447811447812,0.6868686868686869,0.6683588306180146
EfficientNetV2B0,all,fresh,10,AdamW,GlobalMaxPooling2D,0.6904761904761905,0.6794852152596905,0.6714975845410628,0.6737864077669903,0.6866532425747991,0.6904761904761905,0.6869625520110956
EfficientNetV2B0,all,dried,10,AdamW,GlobalMaxPooling2D,0.6179775280898876,0.6198179979777553,0.6209183673469387,0.6175429726996966,0.6253394076413583,0.6179775280898876,0.6188466388702697
EfficientNetV2B0,all,comparison,10,AdamW,GlobalMaxPooling2D,0.6653696498054474,0.6635243841126195,0.6586391903426412,0.6590460323337035,0.6643152122666885,0.6653696498054474,0.66284020281675
EfficientNetV2B0,microscope,all,2,AdamW,GlobalMaxPooling2D,0.5915119363395226,0.5895420369104579,0.5887583987352493,0.5887311572027655,0.5905510097887593,0.5915119363395226,0.5906149108115364
EfficientNetV2B0,microscope,microscope,2,AdamW,GlobalMaxPooling2D,0.6518987341772152,0.652435064935065,0.6505531505531505,0.650203276576903,0.6523158803222094,0.6518987341772152,0.6508198066133801
EfficientNetV2B0,microscope,phone,2,AdamW,GlobalMaxPooling2D,0.6060606060606061,0.6127250409165302,0.6200959023539669,0.6019997938356871,0.6460472151961514,0.6060606060606061,0.6121518243979847
EfficientNetV2B0,microscope,fresh,2,AdamW,GlobalMaxPooling2D,0.6309523809523809,0.6320340184266477,0.6363636363636364,0.6283716283716283,0.64825858054065,0.6309523809523809,0.6339018124732411
EfficientNetV2B0,microscope,dried,2,AdamW,GlobalMaxPooling2D,0.6404494382022472,0.636096256684492,0.6298469387755102,0.6299376299376299,0.6379619059063871,0.6404494382022472,0.6362447148964002
EfficientNetV2B0,microscope,comparison,2,AdamW,GlobalMaxPooling2D,0.6342412451361867,0.639010989010989,0.6388245335934642,0.6342357073643411,0.6433659725488519,0.6342412451361867,0.6341194141555817
EfficientNetV2B0,microscope,all,4,AdamW,GlobalMaxPooling2D,0.5888594164456233,0.5869417332150251,0.5829851504714584,0.5808857808857809,0.5874269301769837,0.5888594164456233,0.5841059029387942
EfficientNetV2B0,microscope,microscope,4,AdamW,GlobalMaxPooling2D,0.7088607594936709,0.7110394842868655,0.7099567099567099,0.7086740420073754,0.7117657258845969,0.7088607594936709,0.7084873245210799
EfficientNetV2B0,microscope,phone,4,AdamW,GlobalMaxPooling2D,0.5252525252525253,0.537037037037037,0.5392327811682651,0.5221320735339426,0.5697717919940142,0.5252525252525253,0.5318834851545131
EfficientNetV2B0,microscope,fresh,4,AdamW,GlobalMaxPooling2D,0.625,0.6192307692307693,0.6225296442687747,0.6190476190476191,0.6336538461538461,0.625,0.6275510204081632
EfficientNetV2B0,microscope,dried,4,AdamW,GlobalMaxPooling2D,0.6629213483146067,0.659438775510204,0.659438775510204,0.659438775510204,0.6629213483146067,0.6629213483146067,0.6629213483146067
EfficientNetV2B0,microscope,comparison,4,AdamW,GlobalMaxPooling2D,0.6381322957198443,0.6376741368867354,0.6385806608950128,0.6373416281010545,0.6408812487184986,0.6381322957198443,0.6387252964339367
EfficientNetV2B0,microscope,all,6,AdamW,GlobalMaxPooling2D,0.5994694960212201,0.5974987017483122,0.5954068093275366,0.5949092358160949,0.5982001708962965,0.5994694960212201,0.5973033724237856
EfficientNetV2B0,microscope,microscope,6,AdamW,GlobalMaxPooling2D,0.7088607594936709,0.7087550200803212,0.7083533750200417,0.7084403080872914,0.708807889786996,0.7088607594936709,0.7087206090248778
EfficientNetV2B0,microscope,phone,6,AdamW,GlobalMaxPooling2D,0.5151515151515151,0.5295454545454545,0.5311682650392328,0.5127153404429861,0.562258953168044,0.5151515151515151,0.5214159644020187
EfficientNetV2B0,microscope,fresh,6,AdamW,GlobalMaxPooling2D,0.6607142857142857,0.6586783891094725,0.6638120333772508,0.6572042240916414,0.6739476136455717,0.6607142857142857,0.6633984504845433
EfficientNetV2B0,microscope,dried,6,AdamW,GlobalMaxPooling2D,0.5842696629213483,0.5762987012987013,0.5719387755102041,0.5703848662752773,0.5794177732379979,0.5842696629213483,0.5781950643886923
EfficientNetV2B0,microscope,comparison,6,AdamW,GlobalMaxPooling2D,0.6342412451361867,0.6380160759956157,0.6381843677600292,0.6342357073643411,0.6421882574718265,0.6342412451361867,0.6343520005731005
EfficientNetV2B0,microscope,all,8,AdamW,GlobalMaxPooling2D,0.596816976127321,0.5952380952380952,0.5949692281632883,0.5950361827227499,0.5963814227785691,0.596816976127321,0.5965320491825895
EfficientNetV2B0,microscope,microscope,8,AdamW,GlobalMaxPooling2D,0.6708860759493671,0.6713615023474178,0.6697130030463363,0.6695624195624196,0.6712426457479052,0.6708860759493671,0.6700918821171986
EfficientNetV2B0,microscope,phone,8,AdamW,GlobalMaxPooling2D,0.5252525252525253,0.5680803571428572,0.5664777680906713,0.5250586914361539,0.6050009018759018,0.5252525252525253,0.5226357687315123
EfficientNetV2B0,microscope,fresh,8,AdamW,GlobalMaxPooling2D,0.6190476190476191,0.6273726273726274,0.6306543697848046,0.6181818181818182,0.6452119309262166,0.6190476190476191,0.6214285714285714
EfficientNetV2B0,microscope,dried,8,AdamW,GlobalMaxPooling2D,0.6067415730337079,0.6014367816091954,0.5900510204081633,0.5858263528786066,0.6029768823453442,0.6067415730337079,0.5952382019484022
EfficientNetV2B0,microscope,comparison,8,AdamW,GlobalMaxPooling2D,0.6147859922178989,0.6257965762838935,0.6227594195829776,0.6139443137849936,0.6309348488480244,0.6147859922178989,0.6124713765274094
EfficientNetV2B0,microscope,all,10,AdamW,GlobalMaxPooling2D,0.5888594164456233,0.5876784605834886,0.5877279656710519,0.5876990594726555,0.588983727589006,0.5888594164456233,0.5889174342942717
EfficientNetV2B0,microscope,microscope,10,AdamW,GlobalMaxPooling2D,0.6708860759493671,0.6709105560032231,0.67003367003367,0.6700401606425703,0.6709023959852712,0.6708860759493671,0.6704631182959687
EfficientNetV2B0,microscope,phone,10,AdamW,GlobalMaxPooling2D,0.5050505050505051,0.5692118226600985,0.5612467306015693,0.5017972681524083,0.6083345773000945,0.5050505050505051,0.4916309028458561
EfficientNetV2B0,microscope,fresh,10,AdamW,GlobalMaxPooling2D,0.5833333333333334,0.5866326096211154,0.5893719806763285,0.5811965811965812,0.6031289910600256,0.5833333333333334,0.5865384615384616
EfficientNetV2B0,microscope,dried,10,AdamW,GlobalMaxPooling2D,0.651685393258427,0.6733193277310925,0.6262755102040816,0.6134230068656299,0.669176659427816,0.651685393258427,0.6257216310633147
EfficientNetV2B0,microscope,comparison,10,AdamW,GlobalMaxPooling2D,0.6070038910505836,0.6205566097406705,0.616205340812096,0.6054747465535848,0.6259265548820256,0.6070038910505836,0.6034677444012736
EfficientNetV2B0,phone,all,2,AdamW,GlobalMaxPooling2D,0.6047745358090185,0.6038307588228662,0.6039890463553723,0.6038715136983887,0.6051520466034795,0.6047745358090185,0.6049250394941236
EfficientNetV2B0,phone,microscope,2,AdamW,GlobalMaxPooling2D,0.6645569620253164,0.6669960474308301,0.6625781625781626,0.6615061239338695,0.6666208035222895,0.6645569620253164,0.6623196807582554
EfficientNetV2B0,phone,phone,2,AdamW,GlobalMaxPooling2D,0.6363636363636364,0.6181665264928511,0.6224934612031385,0.6192307692307693,0.6449269821851823,0.6363636363636364,0.6396270396270397
EfficientNetV2B0,phone,fresh,2,AdamW,GlobalMaxPooling2D,0.6726190476190477,0.6772727272727272,0.6826965305226175,0.6712094794150091,0.694724025974026,0.6726190476190477,0.6750537563351142
EfficientNetV2B0,phone,dried,2,AdamW,GlobalMaxPooling2D,0.6179775280898876,0.6174242424242424,0.6186224489795918,0.6167679837892603,0.6224038134150494,0.6179775280898876,0.6189451635303895
EfficientNetV2B0,phone,comparison,2,AdamW,GlobalMaxPooling2D,0.6536964980544747,0.655317729808392,0.6561699792708207,0.653507642434066,0.6591006039008656,0.6536964980544747,0.6541686371054964
EfficientNetV2B0,phone,all,4,AdamW,GlobalMaxPooling2D,0.6312997347480106,0.6309412178397702,0.62615041499633,0.6252243876273914,0.6310416025740775,0.6312997347480106,0.6278823519926623
EfficientNetV2B0,phone,microscope,4,AdamW,GlobalMaxPooling2D,0.6518987341772152,0.6520833333333333,0.6521564854898187,0.6518847894884429,0.6524525316455697,0.6518987341772152,0.6519405682435321
EfficientNetV2B0,phone,phone,4,AdamW,GlobalMaxPooling2D,0.7070707070707071,0.6857466063348416,0.6789450741063644,0.6816014195408673,0.7029434617669912,0.7070707070707071,0.7043418548353672
EfficientNetV2B0,phone,fresh,4,AdamW,GlobalMaxPooling2D,0.7202380952380952,0.7126221966647499,0.7165129556433905,0.7139026776332476,0.724046044524768,0.7202380952380952,0.7215051787590648
EfficientNetV2B0,phone,dried,4,AdamW,GlobalMaxPooling2D,0.5842696629213483,0.5936532507739938,0.5926020408163266,0.5840596185423772,0.6001495808258254,0.5842696629213483,0.583114418837007
EfficientNetV2B0,phone,comparison,4,AdamW,GlobalMaxPooling2D,0.6731517509727627,0.6707204433497538,0.6690342641141325,0.669503980404164,0.6722676391098503,0.6731517509727627,0.6723411352908518
EfficientNetV2B0,phone,all,6,AdamW,GlobalMaxPooling2D,0.6180371352785146,0.6251227013938878,0.6079555078764609,0.5995515165820843,0.6240674043128748,0.6180371352785146,0.6043440843922699
EfficientNetV2B0,phone,microscope,6,AdamW,GlobalMaxPooling2D,0.6392405063291139,0.6488575268817205,0.6420554753888088,0.6359594163062371,0.64998894106438,0.6392405063291139,0.6350844589668032
EfficientNetV2B0,phone,phone,6,AdamW,GlobalMaxPooling2D,0.7070707070707071,0.6865079365079365,0.6843940714908456,0.6853698630136986,0.7055475388808723,0.7070707070707071,0.7062360592223607
EfficientNetV2B0,phone,fresh,6,AdamW,GlobalMaxPooling2D,0.6785714285714286,0.6677393403057119,0.6526130873956961,0.6548995739500914,0.6733421445810825,0.6785714285714286,0.6710394748282758
EfficientNetV2B0,phone,dried,6,AdamW,GlobalMaxPooling2D,0.6404494382022472,0.6423154701718908,0.6436224489795919,0.6400404448938322,0.6479135660808216,0.6404494382022472,0.6412674248190773
EfficientNetV2B0,phone,comparison,6,AdamW,GlobalMaxPooling2D,0.6653696498054474,0.6649659863945578,0.6567186928423363,0.656630623912503,0.6651049524868312,0.6653696498054474,0.6611067103454745
EfficientNetV2B0,phone,all,8,AdamW,GlobalMaxPooling2D,0.6074270557029178,0.6065646682085037,0.6014623680198746,0.599511915015791,0.6067777286483002,0.6074270557029178,0.6026481028352186
EfficientNetV2B0,phone,microscope,8,AdamW,GlobalMaxPooling2D,0.6518987341772152,0.6600731382978724,0.6544011544011544,0.6495261141359145,0.6611630588472932,0.6518987341772152,0.6487960772001297
EfficientNetV2B0,phone,phone,8,AdamW,GlobalMaxPooling2D,0.6868686868686869,0.675,0.684612031386225,0.6761633428300096,0.7019742883379247,0.6868686868686869,0.6910318762170615
EfficientNetV2B0,phone,fresh,8,AdamW,GlobalMaxPooling2D,0.7083333333333334,0.6985294117647058,0.6976284584980237,0.6980523053222316,0.7077205882352942,0.7083333333333334,0.708001687268459
EfficientNetV2B0,phone,dried,8,AdamW,GlobalMaxPooling2D,0.5842696629213483,0.5903061224489796,0.5903061224489796,0.5842696629213483,0.5963425819766108,0.5842696629213483,0.5842696629213483
EfficientNetV2B0,phone,comparison,8,AdamW,GlobalMaxPooling2D,0.6653696498054474,0.6630002485707184,0.6599195220095111,0.6604289577187807,0.6642138443250918,0.6653696498054474,0.6637758781645872
EfficientNetV2B0,phone,all,10,AdamW,GlobalMaxPooling2D,0.6180371352785146,0.6187311633514165,0.6112161933261815,0.6084472909814782,0.6185809098510976,0.6180371352785146,0.6118606253922878
EfficientNetV2B0,phone,microscope,10,AdamW,GlobalMaxPooling2D,0.6518987341772152,0.6542312661498708,0.6531184864518198,0.6515497814667789,0.6548977038563438,0.6518987341772152,0.6512706192984299
EfficientNetV2B0,phone,phone,10,AdamW,GlobalMaxPooling2D,0.6565656565656566,0.6389823380992431,0.6440714908456844,0.6403846153846153,0.6648401593733806,0.6565656565656566,0.6596477596477597
EfficientNetV2B0,phone,fresh,10,AdamW,GlobalMaxPooling2D,0.6785714285714286,0.6697909156452775,0.6723759332454984,0.6706838971976187,0.6817643423627562,0.6785714285714286,0.67978489493663
EfficientNetV2B0,phone,dried,10,AdamW,GlobalMaxPooling2D,0.6067415730337079,0.6130102040816326,0.6130102040816326,0.6067415730337079,0.6192788351295575,0.6067415730337079,0.6067415730337079
EfficientNetV2B0,phone,comparison,10,AdamW,GlobalMaxPooling2D,0.6536964980544747,0.6509648475909537,0.6497683209364711,0.6501154911048903,0.6528153204855971,0.6536964980544747,0.6530078428718623
EfficientNetV2B0,fresh,all,2,AdamW,GlobalMaxPooling2D,0.610079575596817,0.6107360097323601,0.6027892270340466,0.5992406985573273,0.6106021736464726,0.610079575596817,0.6029119311029609
EfficientNetV2B0,fresh,microscope,2,AdamW,GlobalMaxPooling2D,0.6835443037974683,0.6836422240128928,0.6827000160333494,0.6827309236947792,0.6836095839410847,0.6835443037974683,0.6831376137461237
EfficientNetV2B0,fresh,phone,2,AdamW,GlobalMaxPooling2D,0.6363636363636364,0.6087053571428571,0.6061464690496949,0.6071428571428572,0.6325487012987012,0.6363636363636364,0.6341991341991342
EfficientNetV2B0,fresh,fresh,2,AdamW,GlobalMaxPooling2D,0.6904761904761905,0.6797694694842619,0.6780851998243302,0.6788235294117647,0.689216576241846,0.6904761904761905,0.6897478991596638
EfficientNetV2B0,fresh,dried,2,AdamW,GlobalMaxPooling2D,0.6179775280898876,0.6124213836477987,0.6094387755102041,0.6096491228070176,0.6153628718818458,0.6179775280898876,0.6154149418490046
EfficientNetV2B0,fresh,comparison,2,AdamW,GlobalMaxPooling2D,0.6653696498054474,0.66338199513382,0.6637605170101206,0.6635306296431616,0.6658373332575952,0.6653696498054474,0.6655632308751617
EfficientNetV2B0,fresh,all,4,AdamW,GlobalMaxPooling2D,0.6286472148541115,0.6280555555555556,0.6236378521822596,0.6227844482561464,0.6282257589154141,0.6286472148541115,0.6254039822680031
EfficientNetV2B0,fresh,microscope,4,AdamW,GlobalMaxPooling2D,0.6962025316455697,0.6988682958832213,0.6944043610710278,0.693798449612403,0.6984240018436126,0.6962025316455697,0.6944853301933077
EfficientNetV2B0,fresh,phone,4,AdamW,GlobalMaxPooling2D,0.6565656565656566,0.6308035714285714,0.6277244986922406,0.628968253968254,0.6530122655122655,0.6565656565656566,0.6545214045214044
EfficientNetV2B0,fresh,fresh,4,AdamW,GlobalMaxPooling2D,0.6904761904761905,0.6797694694842619,0.6780851998243302,0.6788235294117647,0.689216576241846,0.6904761904761905,0.6897478991596638
EfficientNetV2B0,fresh,dried,4,AdamW,GlobalMaxPooling2D,0.6629213483146067,0.6638418079096045,0.6479591836734694,0.6468253968253967,0.6635561480352948,0.6629213483146067,0.654449794899233
EfficientNetV2B0,fresh,comparison,4,AdamW,GlobalMaxPooling2D,0.6809338521400778,0.6802071973827699,0.6813498353859285,0.6801153612629023,0.6832591473634632,0.6809338521400778,0.6814375388337243
EfficientNetV2B0,fresh,all,6,AdamW,GlobalMaxPooling2D,0.6127320954907162,0.6110161768056506,0.6100446050477104,0.6100957724130115,0.6118950619858061,0.6127320954907162,0.6118816686914565
EfficientNetV2B0,fresh,microscope,6,AdamW,GlobalMaxPooling2D,0.6518987341772152,0.6539855072463767,0.6499118165784832,0.6487327701200534,0.6536644652357365,0.6518987341772152,0.6495770272019632
EfficientNetV2B0,fresh,phone,6,AdamW,GlobalMaxPooling2D,0.6464646464646465,0.6427696078431373,0.652353966870096,0.6392503904216553,0.673561596355714,0.6464646464646465,0.6521329904984251
EfficientNetV2B0,fresh,fresh,6,AdamW,GlobalMaxPooling2D,0.7023809523809523,0.6950537634408602,0.6991655687307861,0.6961805555555556,0.7072657450076805,0.7023809523809523,0.7039310515873015
EfficientNetV2B0,fresh,dried,6,AdamW,GlobalMaxPooling2D,0.550561797752809,0.5346153846153846,0.5275510204081633,0.5120614035087719,0.5381158167675022,0.550561797752809,0.5259215454366253
EfficientNetV2B0,fresh,comparison,6,AdamW,GlobalMaxPooling2D,0.6498054474708171,0.6547008547008547,0.6544933544689672,0.6498001453488372,0.6591705743456716,0.6498054474708171,0.6496888007872591
EfficientNetV2B0,fresh,all,8,AdamW,GlobalMaxPooling2D,0.623342175066313,0.6236587982832618,0.617130596804246,0.6151512537382102,0.6235840894343189,0.623342175066313,0.6182786964271222
EfficientNetV2B0,fresh,microscope,8,AdamW,GlobalMaxPooling2D,0.6645569620253164,0.6647435897435898,0.6648228314894982,0.6645435244161358,0.6651168451801364,0.6645569620253164,0.6645972748528581
EfficientNetV2B0,fresh,phone,8,AdamW,GlobalMaxPooling2D,0.6767676767676768,0.6708265139116203,0.6819965126416739,0.6691729323308271,0.7005323281919026,0.6767676767676768,0.6818308397255767
EfficientNetV2B0,fresh,fresh,8,AdamW,GlobalMaxPooling2D,0.7380952380952381,0.7294221959509384,0.7272727272727273,0.7282352941176471,0.7370748801959086,0.7380952380952381,0.7374789915966387
EfficientNetV2B0,fresh,dried,8,AdamW,GlobalMaxPooling2D,0.5393258426966292,0.5264182424916575,0.5242346938775511,0.5196788205870738,0.5307207758933147,0.5393258426966292,0.5295023316418515
EfficientNetV2B0,fresh,comparison,8,AdamW,GlobalMaxPooling2D,0.669260700389105,0.6682727272727274,0.6692781368125837,0.6682763123927535,0.6712366466218608,0.669260700389105,0.6697528943872808
EfficientNetV2B0,fresh,all,10,AdamW,GlobalMaxPooling2D,0.610079575596817,0.6086421499292787,0.6084213200835639,0.608492931976009,0.6097601476706973,0.610079575596817,0.609881245144216
EfficientNetV2B0,fresh,microscope,10,AdamW,GlobalMaxPooling2D,0.6772151898734177,0.6813497340425532,0.6749238415905082,0.673434650455927,0.6807984614866684,0.6772151898734177,0.6743241891423954
EfficientNetV2B0,fresh,phone,10,AdamW,GlobalMaxPooling2D,0.5858585858585859,0.5924713584288053,0.5985178727114211,0.5815895268529018,0.6255352212799021,0.5858585858585859,0.592262174367112
EfficientNetV2B0,fresh,fresh,10,AdamW,GlobalMaxPooling2D,0.6726190476190477,0.6670940170940172,0.6717171717171717,0.6674225245653818,0.6809065934065934,0.6726190476190477,0.6748461289277616
EfficientNetV2B0,fresh,dried,10,AdamW,GlobalMaxPooling2D,0.5842696629213483,0.5798319327731092,0.5581632653061225,0.5386016533557517,0.5806817108866018,0.5842696629213483,0.5532806564304077
EfficientNetV2B0,fresh,comparison,10,AdamW,GlobalMaxPooling2D,0.642023346303502,0.6503764038010613,0.6485794415315205,0.6417575757575757,0.6553882382995969,0.642023346303502,0.6409602641197972
EfficientNetV2B0,dried,all,2,AdamW,GlobalMaxPooling2D,0.6127320954907162,0.6168639053254438,0.6159731240472023,0.6125112637981527,0.6190887260056818,0.6127320954907162,0.611995989848838
EfficientNetV2B0,dried,microscope,2,AdamW,GlobalMaxPooling2D,0.6708860759493671,0.6903060289536376,0.6665063331729998,0.6585771276595744,0.6889188894533325,0.6708860759493671,0.6602183207648802
EfficientNetV2B0,dried,phone,2,AdamW,GlobalMaxPooling2D,0.6363636363636364,0.6115954664341761,0.6115954664341761,0.6115954664341761,0.6363636363636364,0.6363636363636364,0.6363636363636364
EfficientNetV2B0,dried,fresh,2,AdamW,GlobalMaxPooling2D,0.6309523809523809,0.6517347386912604,0.6517347386912604,0.6309523809523809,0.6725170964301399,0.6309523809523809,0.6309523809523809
EfficientNetV2B0,dried,dried,2,AdamW,GlobalMaxPooling2D,0.7078651685393258,0.7073232323232324,0.7094387755102041,0.7069402228976698,0.712200658268074,0.7078651685393258,0.7086051250526508
EfficientNetV2B0,dried,comparison,2,AdamW,GlobalMaxPooling2D,0.6575875486381323,0.664915191740413,0.6636080965735887,0.6574578940991155,0.6698790790032483,0.6575875486381323,0.6569133450352449
EfficientNetV2B0,dried,all,4,AdamW,GlobalMaxPooling2D,0.5782493368700266,0.5862355133655582,0.5836062334142623,0.5765331713209894,0.58866608882072,0.5782493368700266,0.5750315264655818
EfficientNetV2B0,dried,microscope,4,AdamW,GlobalMaxPooling2D,0.6455696202531646,0.6764408493427705,0.6398909732243065,0.6238095238095238,0.6747257810600146,0.6455696202531646,0.6261000602772755
EfficientNetV2B0,dried,phone,4,AdamW,GlobalMaxPooling2D,0.6060606060606061,0.5737556561085972,0.5710549258936356,0.5718088055894421,0.5998080351021527,0.6060606060606061,0.6023907702958385
EfficientNetV2B0,dried,fresh,4,AdamW,GlobalMaxPooling2D,0.6130952380952381,0.6385918003565063,0.6365832235397453,0.6129718234981393,0.6598389355742297,0.6130952380952381,0.6117376775271511
EfficientNetV2B0,dried,dried,4,AdamW,GlobalMaxPooling2D,0.6629213483146067,0.6605876393110436,0.661734693877551,0.6608231707317074,0.6647883155174573,0.6629213483146067,0.6635208276240065
EfficientNetV2B0,dried,comparison,4,AdamW,GlobalMaxPooling2D,0.6303501945525292,0.6404424558786975,0.6377880746250457,0.6297896859694613,0.6456116628994178,0.6303501945525292,0.6286126179450187
EfficientNetV2B0,dried,all,6,AdamW,GlobalMaxPooling2D,0.5782493368700266,0.5906353011687144,0.5853847891141098,0.5743682233567416,0.5934321318168052,0.5782493368700266,0.5721042404739921
EfficientNetV2B0,dried,microscope,6,AdamW,GlobalMaxPooling2D,0.5886075949367089,0.612280701754386,0.5820907487574154,0.5556997620592689,0.6111259160559628,0.5886075949367089,0.5587609558153098
EfficientNetV2B0,dried,phone,6,AdamW,GlobalMaxPooling2D,0.5959595959595959,0.5645089285714285,0.5629904097646034,0.5634920634920635,0.5916215728715728,0.5959595959595959,0.5935545935545935
EfficientNetV2B0,dried,fresh,6,AdamW,GlobalMaxPooling2D,0.5773809523809523,0.6081862446743762,0.6040843214756259,0.5766459627329192,0.629189853056256,0.5773809523809523,0.5734960070984916
EfficientNetV2B0,dried,dried,6,AdamW,GlobalMaxPooling2D,0.6179775280898876,0.614030612244898,0.614030612244898,0.614030612244898,0.6179775280898876,0.6179775280898876,0.6179775280898876
EfficientNetV2B0,dried,comparison,6,AdamW,GlobalMaxPooling2D,0.5914396887159533,0.6043010752688172,0.6005365199365931,0.5898499840408554,0.6093970963558011,0.5914396887159533,0.5877634966547894
EfficientNetV2B0,dried,all,8,AdamW,GlobalMaxPooling2D,0.5888594164456233,0.595875960927114,0.5936564846705437,0.5876990594726555,0.5982914926338567,0.5888594164456233,0.5864806846510394
EfficientNetV2B0,dried,microscope,8,AdamW,GlobalMaxPooling2D,0.6518987341772152,0.6869868637110016,0.6460638127304794,0.6293136543957685,0.6850902080605267,0.6518987341772152,0.6316300728348911
EfficientNetV2B0,dried,phone,8,AdamW,GlobalMaxPooling2D,0.6060606060606061,0.5811044003451251,0.5819529206625981,0.5814634146341464,0.6082307109054306,0.6060606060606061,0.6070854890367086
EfficientNetV2B0,dried,fresh,8,AdamW,GlobalMaxPooling2D,0.625,0.6593122337188071,0.6532718489240229,0.6243478260869566,0.6827069385270845,0.625,0.621552795031056
EfficientNetV2B0,dried,dried,8,AdamW,GlobalMaxPooling2D,0.651685393258427,0.6486280487804879,0.6492346938775511,0.6488481608756522,0.6525589202521239,0.651685393258427,0.6520400473062737
EfficientNetV2B0,dried,comparison,8,AdamW,GlobalMaxPooling2D,0.6342412451361867,0.6481843399319127,0.6433056944275088,0.6329910063198834,0.6539256142595645,0.6342412451361867,0.6312406719770586
EfficientNetV2B0,dried,all,10,AdamW,GlobalMaxPooling2D,0.5862068965517241,0.6263631797962405,0.599443848455762,0.5681938325991189,0.6311819337855824,0.5862068965517241,0.5632811787938629
EfficientNetV2B0,dried,microscope,10,AdamW,GlobalMaxPooling2D,0.6392405063291139,0.7038690476190477,0.6317941317941318,0.6008509506714532,0.701118896925859,0.6392405063291139,0.6039847919496296
EfficientNetV2B0,dried,phone,10,AdamW,GlobalMaxPooling2D,0.5555555555555556,0.5594362745098039,0.5634263295553619,0.55,0.5917755991285403,0.5555555555555556,0.5626262626262626
EfficientNetV2B0,dried,fresh,10,AdamW,GlobalMaxPooling2D,0.5595238095238095,0.6425965047052046,0.6086956521739131,0.5469387755102041,0.6715753518615051,0.5595238095238095,0.5334548104956268
EfficientNetV2B0,dried,dried,10,AdamW,GlobalMaxPooling2D,0.6966292134831461,0.6933333333333334,0.6923469387755102,0.6927502876869965,0.6960299625468165,0.6966292134831461,0.6962413209035312
EfficientNetV2B0,dried,comparison,10,AdamW,GlobalMaxPooling2D,0.6070038910505836,0.6427612994350282,0.6232471649798805,0.5982199520160978,0.6505025940337225,0.6070038910505836,0.5933656699180925
EfficientNetV2B0,comparison,all,2,AdamW,GlobalMaxPooling2D,0.6472148541114059,0.6529510333271271,0.6391508102309299,0.635351441765754,0.6519035571225172,0.6472148541114059,0.6390151426372053
EfficientNetV2B0,comparison,microscope,2,AdamW,GlobalMaxPooling2D,0.740506329113924,0.7407051282051282,0.7408209074875742,0.7404959339822937,0.7411027263875365,0.740506329113924,0.7405375145088148
EfficientNetV2B0,comparison,phone,2,AdamW,GlobalMaxPooling2D,0.6262626262626263,0.5905797101449275,0.5817349607672189,0.5826592229691239,0.6134533743229396,0.6262626262626263,0.6167243817921726
EfficientNetV2B0,comparison,fresh,2,AdamW,GlobalMaxPooling2D,0.7559523809523809,0.7496956786366403,0.7402283706631533,0.7435114503816794,0.7539616120337362,0.7559523809523809,0.753598691384951
EfficientNetV2B0,comparison,dried,2,AdamW,GlobalMaxPooling2D,0.5842696629213483,0.5826592517694641,0.5834183673469387,0.5823715916296766,0.5874904852251167,0.5842696629213483,0.5852186985671841
EfficientNetV2B0,comparison,comparison,2,AdamW,GlobalMaxPooling2D,0.6964980544747081,0.6949415858811832,0.6912571637605169,0.6920169616519174,0.6957388015022571,0.6964980544747081,0.6950525406609047
EfficientNetV2B0,comparison,all,4,AdamW,GlobalMaxPooling2D,0.6047745358090185,0.6123077965183228,0.5936141381062616,0.5819994791085314,0.6112871611964171,0.6047745358090185,0.5874344358211476
EfficientNetV2B0,comparison,microscope,4,AdamW,GlobalMaxPooling2D,0.6518987341772152,0.6582674571805007,0.6540804874138207,0.650203276576903,0.6592472607194677,0.6518987341772152,0.6495867465404258
EfficientNetV2B0,comparison,phone,4,AdamW,GlobalMaxPooling2D,0.6262626262626263,0.5856164383561644,0.5708369659982563,0.5693121693121693,0.6072367510723675,0.6262626262626263,0.6088610977499866
EfficientNetV2B0,comparison,fresh,4,AdamW,GlobalMaxPooling2D,0.6369047619047619,0.6203580901856764,0.606280193236715,0.6060734191812416,0.6281143425539978,0.6369047619047619,0.6257529996430632
EfficientNetV2B0,comparison,dried,4,AdamW,GlobalMaxPooling2D,0.651685393258427,0.6584183673469388,0.6584183673469388,0.651685393258427,0.6651513414354505,0.651685393258427,0.651685393258427
EfficientNetV2B0,comparison,comparison,4,AdamW,GlobalMaxPooling2D,0.642023346303502,0.6418642951251647,0.631294964028777,0.6296365914786968,0.6419100495737274,0.642023346303502,0.6351710989536097
EfficientNetV2B0,comparison,all,6,AdamW,GlobalMaxPooling2D,0.5994694960212201,0.5975620188195039,0.596592513127435,0.5965628432727401,0.5984935774529002,0.5994694960212201,0.5984703341389301
EfficientNetV2B0,comparison,microscope,6,AdamW,GlobalMaxPooling2D,0.6645569620253164,0.668218085106383,0.6622574955908289,0.660628166160081,0.6677299353622408,0.6645569620253164,0.661552588716607
EfficientNetV2B0,comparison,phone,6,AdamW,GlobalMaxPooling2D,0.6161616161616161,0.5866071428571429,0.5845684394071491,0.5853174603174602,0.6120851370851371,0.6161616161616161,0.6138768638768638
EfficientNetV2B0,comparison,fresh,6,AdamW,GlobalMaxPooling2D,0.6488095238095238,0.6401667625071881,0.642731664470795,0.6408565527736512,0.6531309044606917,0.6488095238095238,0.6504001180166983
EfficientNetV2B0,comparison,dried,6,AdamW,GlobalMaxPooling2D,0.6404494382022472,0.636096256684492,0.6298469387755102,0.6299376299376299,0.6379619059063871,0.6404494382022472,0.6362447148964002
EfficientNetV2B0,comparison,comparison,6,AdamW,GlobalMaxPooling2D,0.6459143968871596,0.6460755813953488,0.6470552371661993,0.645377488665484,0.6494604560673242,0.6459143968871596,0.6465049959310026
EfficientNetV2B0,comparison,all,8,AdamW,GlobalMaxPooling2D,0.6021220159151194,0.6007180009045681,0.6005872056913782,0.600635593220339,0.6018973735134312,0.6021220159151194,0.6019927617677472
EfficientNetV2B0,comparison,microscope,8,AdamW,GlobalMaxPooling2D,0.6772151898734177,0.6870689655172414,0.6739618406285073,0.6702271332105587,0.6861305106940201,0.6772151898734177,0.671442447412795
EfficientNetV2B0,comparison,phone,8,AdamW,GlobalMaxPooling2D,0.6262626262626263,0.5961538461538461,0.5926329555361813,0.5937673283797271,0.6204351204351204,0.6262626262626263,0.6227809872037442
EfficientNetV2B0,comparison,fresh,8,AdamW,GlobalMaxPooling2D,0.6785714285714286,0.6723276723276723,0.6767676767676767,0.6729632299927901,0.6857071499928643,0.6785714285714286,0.6806107735091153
EfficientNetV2B0,comparison,dried,8,AdamW,GlobalMaxPooling2D,0.6179775280898876,0.6126644736842105,0.6048469387755102,0.6035115303983228,0.6145771732702543,0.6179775280898876,0.6111699997644454
EfficientNetV2B0,comparison,comparison,8,AdamW,GlobalMaxPooling2D,0.6575875486381323,0.6596286858390972,0.6604072674064139,0.6574578940991155,0.6635254023136665,0.6575875486381323,0.6580024431629862
EfficientNetV2B0,comparison,all,10,AdamW,GlobalMaxPooling2D,0.6180371352785146,0.6200171979608132,0.6103269154762577,0.6063348416289593,0.6196357179944988,0.6180371352785146,0.6101155826542002
EfficientNetV2B0,comparison,microscope,10,AdamW,GlobalMaxPooling2D,0.7278481012658228,0.7276957637997432,0.7275132275132274,0.7275752836922089,0.7277973221104629,0.7278481012658228,0.7277935377511
EfficientNetV2B0,comparison,phone,10,AdamW,GlobalMaxPooling2D,0.6161616161616161,0.5833333333333333,0.5791194420226679,0.5801339285714285,0.6082032445668808,0.6161616161616161,0.6111922799422799
EfficientNetV2B0,comparison,fresh,10,AdamW,GlobalMaxPooling2D,0.7202380952380952,0.7113511868533171,0.7033377250768555,0.7059765406814373,0.7174104425702112,0.7202380952380952,0.7175399632949437
EfficientNetV2B0,comparison,dried,10,AdamW,GlobalMaxPooling2D,0.6179775280898876,0.6124213836477987,0.6094387755102041,0.6096491228070176,0.6153628718818458,0.6179775280898876,0.6154149418490046
EfficientNetV2B0,comparison,comparison,10,AdamW,GlobalMaxPooling2D,0.6848249027237354,0.6825474586650336,0.6817461285209121,0.6820521436317261,0.6843188040440239,0.6848249027237354,0.6844783078372343
EfficientNetV2B0,all,all,2,AdamW,flatten_dense,0.713527851458886,0.7127197958026092,0.7117469369318503,0.7120509193776521,0.7132340130384217,0.713527851458886,0.7131996443297228
EfficientNetV2B0,all,microscope,2,AdamW,flatten_dense,0.759493670886076,0.7620908646800195,0.7580567580567581,0.7580983078162772,0.7615714259212308,0.759493670886076,0.7585634288395434
EfficientNetV2B0,all,phone,2,AdamW,flatten_dense,0.6868686868686869,0.6623188405797101,0.6464690496948562,0.6503361057308876,0.6780559215341824,0.6868686868686869,0.6788771847447933
EfficientNetV2B0,all,fresh,2,AdamW,flatten_dense,0.7619047619047619,0.7545782263878875,0.7584541062801933,0.7560621460723101,0.7645689566381707,0.7619047619047619,0.7628036258789853
EfficientNetV2B0,all,dried,2,AdamW,flatten_dense,0.6741573033707865,0.672649140546006,0.674234693877551,0.6726696258719087,0.6771736290203474,0.6741573033707865,0.6749011421202256
EfficientNetV2B0,all,comparison,2,AdamW,flatten_dense,0.7315175097276264,0.7297527706734868,0.730032922814291,0.7298816432847416,0.7317032717333254,0.7315175097276264,0.7315993030497708
EfficientNetV2B0,all,all,4,AdamW,flatten_dense,0.7453580901856764,0.7445655242504658,0.7445655242504658,0.7445655242504658,0.7453580901856764,0.7453580901856764,0.7453580901856764
EfficientNetV2B0,all,microscope,4,AdamW,flatten_dense,0.7974683544303798,0.8025258323765787,0.7957351290684624,0.7958656330749354,0.8016829193855455,0.7974683544303798,0.7963235534622053
EfficientNetV2B0,all,phone,4,AdamW,flatten_dense,0.696969696969697,0.6742424242424243,0.6654315605928509,0.6685267857142857,0.6914600550964187,0.696969696969697,0.6930465367965367
EfficientNetV2B0,all,fresh,4,AdamW,flatten_dense,0.7857142857142857,0.781396671881667,0.7896354852876593,0.7826336975273145,0.7943495133795233,0.7857142857142857,0.7872545798077714
EfficientNetV2B0,all,dried,4,AdamW,flatten_dense,0.7078651685393258,0.7073232323232324,0.7094387755102041,0.7069402228976698,0.712200658268074,0.7078651685393258,0.7086051250526508
EfficientNetV2B0,all,comparison,4,AdamW,flatten_dense,0.7587548638132295,0.7576400679117148,0.7590537739300085,0.7579302382109869,0.7602412583485827,0.7587548638132295,0.7590847140541267
EfficientNetV2B0,all,all,6,AdamW,flatten_dense,0.753315649867374,0.7552074317696613,0.7497318050928801,0.7505070127873963,0.7545340856688473,0.753315649867374,0.7519815472543845
EfficientNetV2B0,all,microscope,6,AdamW,flatten_dense,0.8291139240506329,0.8305878552971576,0.8282026615359949,0.8285576498010689,0.8301667320838648,0.8291139240506329,0.8288048828008753
EfficientNetV2B0,all,phone,6,AdamW,flatten_dense,0.7171717171717171,0.6975806451612903,0.6815605928509154,0.6864253393665158,0.7108178559791464,0.7171717171717171,0.7112208053384523
EfficientNetV2B0,all,fresh,6,AdamW,flatten_dense,0.8273809523809523,0.8211805555555556,0.8249890206411945,0.8228041462084015,0.8289310515873015,0.8273809523809523,0.8278894864001247
EfficientNetV2B0,all,dried,6,AdamW,flatten_dense,0.7078651685393258,0.7073232323232324,0.7094387755102041,0.7069402228976698,0.712200658268074,0.7078651685393258,0.7086051250526508
EfficientNetV2B0,all,comparison,6,AdamW,flatten_dense,0.7859922178988327,0.7846153846153847,0.7842336300451165,0.7844124151605277,0.7858724932654894,0.7859922178988327,0.7859204086834551
EfficientNetV2B0,all,all,8,AdamW,flatten_dense,0.7161803713527851,0.7154516550275365,0.7142594997459206,0.7146061056280731,0.7158888848226858,0.7161803713527851,0.7157868049216071
EfficientNetV2B0,all,microscope,8,AdamW,flatten_dense,0.759493670886076,0.7595180722891566,0.759018759018759,0.7591463414634146,0.7595058715876163,0.759493670886076,0.7593778944118555
EfficientNetV2B0,all,phone,8,AdamW,flatten_dense,0.6868686868686869,0.6665228645383952,0.6682650392327811,0.6673170731707316,0.6886378888104513,0.6868686868686869,0.687683337439435
EfficientNetV2B0,all,fresh,8,AdamW,flatten_dense,0.7619047619047619,0.7562437562437563,0.7628458498023716,0.7577505407354002,0.7683744826601969,0.7619047619047619,0.7634153877845298
EfficientNetV2B0,all,dried,8,AdamW,flatten_dense,0.6741573033707865,0.6747474747474748,0.676530612244898,0.6734977862112588,0.6800590171376688,0.6741573033707865,0.6749816998201963
EfficientNetV2B0,all,comparison,8,AdamW,flatten_dense,0.7315175097276264,0.7299161400097229,0.7306730886477258,0.730193990110308,0.7321580576147878,0.7315175097276264,0.7317380963305129
EfficientNetV2B0,all,all,10,AdamW,flatten_dense,0.7347480106100795,0.7350996221229817,0.731847439444413,0.7324419462896724,0.7349489314745952,0.7347480106100795,0.7338255848819167
EfficientNetV2B0,all,microscope,10,AdamW,flatten_dense,0.7974683544303798,0.7982272360999194,0.7966971300304634,0.7969477911646586,0.7979742755434062,0.7974683544303798,0.7972080727975192
EfficientNetV2B0,all,phone,10,AdamW,flatten_dense,0.7171717171717171,0.696969696969697,0.6870095902353966,0.690625,0.7122742577288032,0.7171717171717171,0.713510101010101
EfficientNetV2B0,all,fresh,10,AdamW,flatten_dense,0.8035714285714286,0.796875,0.8003952569169961,0.7983633387888707,0.8052455357142857,0.8035714285714286,0.8041501052139349
EfficientNetV2B0,all,dried,10,AdamW,flatten_dense,0.6966292134831461,0.6951466127401416,0.6969387755102041,0.6952441344324667,0.6995944149691551,0.6966292134831461,0.6973217530084858
EfficientNetV2B0,all,comparison,10,AdamW,flatten_dense,0.7665369649805448,0.7649676868674552,0.7649676868674552,0.7649676868674552,0.7665369649805448,0.7665369649805448,0.7665369649805448
EfficientNetV2B0,microscope,all,2,AdamW,flatten_dense,0.6286472148541115,0.6278388278388278,0.6280842414318785,0.6278905809362663,0.6291446837865936,0.6286472148541115,0.6288252463641926
EfficientNetV2B0,microscope,microscope,2,AdamW,flatten_dense,0.7658227848101266,0.7667958656330749,0.7648709315375982,0.7650604830607242,0.766517842540804,0.7658227848101266,0.7653992838382363
EfficientNetV2B0,microscope,phone,2,AdamW,flatten_dense,0.5656565656565656,0.6122767857142857,0.6096338273757629,0.5654792283352046,0.6524666305916306,0.5656565656565656,0.5632625118181921
EfficientNetV2B0,microscope,fresh,2,AdamW,flatten_dense,0.6845238095238095,0.7091176470588235,0.7081686429512517,0.6845126315416504,0.7321743697478992,0.6845238095238095,0.6841772920768776
EfficientNetV2B0,microscope,dried,2,AdamW,flatten_dense,0.7078651685393258,0.7048469387755103,0.7048469387755103,0.7048469387755103,0.7078651685393258,0.7078651685393258,0.7078651685393258
EfficientNetV2B0,microscope,comparison,2,AdamW,flatten_dense,0.688715953307393,0.701183800623053,0.6968662358248994,0.6881446426404563,0.7072727493120963,0.688715953307393,0.6870539586399406
EfficientNetV2B0,microscope,all,4,AdamW,flatten_dense,0.6445623342175066,0.6438211664065661,0.6404917847665292,0.6403081567555251,0.6440763225382014,0.6445623342175066,0.6424871256994669
EfficientNetV2B0,microscope,microscope,4,AdamW,flatten_dense,0.810126582278481,0.8100048100048101,0.8100048100048101,0.8100048100048101,0.810126582278481,0.810126582278481,0.810126582278481
EfficientNetV2B0,microscope,phone,4,AdamW,flatten_dense,0.5656565656565656,0.5777777777777777,0.5823888404533566,0.5628016842970114,0.6114478114478115,0.5656565656565656,0.5717231885456184
EfficientNetV2B0,microscope,fresh,4,AdamW,flatten_dense,0.7380952380952381,0.7415921668795231,0.7492314448836188,0.7367521367521368,0.7590768108009487,0.7380952380952381,0.74010989010989
EfficientNetV2B0,microscope,dried,4,AdamW,flatten_dense,0.6741573033707865,0.671239837398374,0.6719387755102041,0.6715031182385134,0.6749908650771901,0.6741573033707865,0.6744890765123206
EfficientNetV2B0,microscope,comparison,4,AdamW,flatten_dense,0.7159533073929961,0.7185792349726776,0.7194854286062675,0.7158844820014235,0.7228211179860092,0.7159533073929961,0.7162458153071795
EfficientNetV2B0,microscope,all,6,AdamW,flatten_dense,0.6392572944297082,0.6380172998643148,0.6378380667381853,0.6379096045197741,0.6390588952992453,0.6392572944297082,0.6391401040027573
EfficientNetV2B0,microscope,microscope,6,AdamW,flatten_dense,0.7721518987341772,0.7749552190197035,0.7707231040564374,0.7708299758259468,0.7743945549625983,0.7721518987341772,0.7712706167953569
EfficientNetV2B0,microscope,phone,6,AdamW,flatten_dense,0.5959595959595959,0.6408730158730158,0.6392763731473409,0.5959183673469388,0.6824595157928491,0.5959595959595959,0.5948876520305092
EfficientNetV2B0,microscope,fresh,6,AdamW,flatten_dense,0.7023809523809523,0.7255160298638559,0.7255160298638559,0.7023809523809523,0.7486511073467594,0.7023809523809523,0.7023809523809523
EfficientNetV2B0,microscope,dried,6,AdamW,flatten_dense,0.7078651685393258,0.7057127882599581,0.7002551020408163,0.7014963880288958,0.7068522837019763,0.7078651685393258,0.7059055437668859
EfficientNetV2B0,microscope,comparison,6,AdamW,flatten_dense,0.7042801556420234,0.7190789473684212,0.7131752225338374,0.7035215543412265,0.7256911734589393,0.7042801556420234,0.7022961214707084
EfficientNetV2B0,microscope,all,8,AdamW,flatten_dense,0.6578249336870027,0.6567090395480226,0.6566117102365762,0.6566557238165838,0.657727899414048,0.6578249336870027,0.6577717877838019
EfficientNetV2B0,microscope,microscope,8,AdamW,flatten_dense,0.8227848101265823,0.8236905721192587,0.8220298220298221,0.8223293172690763,0.8233886514550333,0.8227848101265823,0.8225570636978292
EfficientNetV2B0,microscope,phone,8,AdamW,flatten_dense,0.5353535353535354,0.6111670020120724,0.5963382737576286,0.5314814814814814,0.6552445989065708,0.5353535353535354,0.5207257762813319
EfficientNetV2B0,microscope,fresh,8,AdamW,flatten_dense,0.7261904761904762,0.7546918870991577,0.7523056653491436,0.7261516654854713,0.7798401908421118,0.7261904761904762,0.7255695049103978
EfficientNetV2B0,microscope,dried,8,AdamW,flatten_dense,0.6853932584269663,0.6836898395721925,0.6752551020408163,0.6761954261954262,0.6844198762242384,0.6853932584269663,0.6817141255343502
EfficientNetV2B0,microscope,comparison,8,AdamW,flatten_dense,0.7120622568093385,0.7314039096217314,0.7222899646384586,0.7107968369829684,0.7387889043319177,0.7120622568093385,0.7092336713150994
EfficientNetV2B0,microscope,all,10,AdamW,flatten_dense,0.623342175066313,0.6220318860244234,0.6218734120038394,0.6219350282485876,0.6231325288196107,0.623342175066313,0.6232198144734673
EfficientNetV2B0,microscope,microscope,10,AdamW,flatten_dense,0.7531645569620253,0.7540374677002584,0.7522045855379189,0.7523610497126553,0.7537880646321918,0.7531645569620253,0.7527181640457086
EfficientNetV2B0,microscope,phone,10,AdamW,flatten_dense,0.5353535353535354,0.5914179104477612,0.5854402789886661,0.5341653027823241,0.6314638926579226,0.5353535353535354,0.5282241399262676
EfficientNetV2B0,microscope,fresh,10,AdamW,flatten_dense,0.6726190476190477,0.7009803921568627,0.6980676328502415,0.672514619883041,0.7246148459383753,0.6726190476190477,0.6714703425229741
EfficientNetV2B0,microscope,dried,10,AdamW,flatten_dense,0.6629213483146067,0.6589267285861713,0.6571428571428571,0.6576923076923077,0.6616922345520112,0.6629213483146067,0.6619706136560068
EfficientNetV2B0,microscope,comparison,10,AdamW,flatten_dense,0.669260700389105,0.6837292609351433,0.6782404584806732,0.6682763123927535,0.6899300725977311,0.669260700389105,0.6667997303982264
EfficientNetV2B0,phone,all,2,AdamW,flatten_dense,0.596816976127321,0.6159594022216894,0.5819264863644062,0.5570191713048857,0.6139984707681201,0.596816976127321,0.564415223528524
EfficientNetV2B0,phone,microscope,2,AdamW,flatten_dense,0.5949367088607594,0.6362852833441068,0.601410934744268,0.5700680272108843,0.6383527120682743,0.5949367088607594,0.5674502712477395
EfficientNetV2B0,phone,phone,2,AdamW,flatten_dense,0.7171717171717171,0.6970982142857143,0.6924585876198779,0.6944444444444444,0.7144029581529581,0.7171717171717171,0.7154882154882156
EfficientNetV2B0,phone,fresh,2,AdamW,flatten_dense,0.6666666666666666,0.6547990155865464,0.6381203337725077,0.6396506817833614,0.6605414273995078,0.6666666666666666,0.6572698023594301
EfficientNetV2B0,phone,dried,2,AdamW,flatten_dense,0.5955056179775281,0.669467787114846,0.6234693877551021,0.5761904761904761,0.6836307556730558,0.5955056179775281,0.5670411985018727
EfficientNetV2B0,phone,comparison,2,AdamW,flatten_dense,0.642023346303502,0.6520454881110619,0.6255334715278624,0.6175595238095238,0.650114616753642,0.642023346303502,0.6254632203075783
EfficientNetV2B0,phone,all,4,AdamW,flatten_dense,0.6047745358090185,0.6233766233766234,0.5906498786065157,0.569440079714866,0.6213733216385736,0.6047745358090185,0.5763106683998401
EfficientNetV2B0,phone,microscope,4,AdamW,flatten_dense,0.6265822784810127,0.6697454844006567,0.6325957992624659,0.6073128606933738,0.6720786306665836,0.6265822784810127,0.6051106415176437
EfficientNetV2B0,phone,phone,4,AdamW,flatten_dense,0.7171717171717171,0.6979075850043592,0.6979075850043592,0.6979075850043592,0.7171717171717171,0.7171717171717171,0.7171717171717171
EfficientNetV2B0,phone,fresh,4,AdamW,flatten_dense,0.7023809523809523,0.6947707160096541,0.6772068511198946,0.6804625684723068,0.6987070451672223,0.7023809523809523,0.6954069211372924
EfficientNetV2B0,phone,dried,4,AdamW,flatten_dense,0.5842696629213483,0.6365384615384615,0.6086734693877551,0.5703848662752773,0.6480121002592912,0.5842696629213483,0.5625746681618623
EfficientNetV2B0,phone,comparison,4,AdamW,flatten_dense,0.6614785992217899,0.6711349736879534,0.6467199122058285,0.6419638424954763,0.6690866518314944,0.6614785992217899,0.6487940073496861
EfficientNetV2B0,phone,all,6,AdamW,flatten_dense,0.5755968169761273,0.584873387857817,0.5609367060019197,0.5353136940712436,0.5839041938851032,0.5755968169761273,0.542934825431627
EfficientNetV2B0,phone,microscope,6,AdamW,flatten_dense,0.5632911392405063,0.5956140350877193,0.5699054032387366,0.5349571300601459,0.5971907617144125,0.5632911392405063,0.5320510778365192
EfficientNetV2B0,phone,phone,6,AdamW,flatten_dense,0.696969696969697,0.6763295553618134,0.6763295553618134,0.6763295553618134,0.696969696969697,0.696969696969697,0.696969696969697
EfficientNetV2B0,phone,fresh,6,AdamW,flatten_dense,0.6666666666666666,0.6579919113768243,0.6315327184892402,0.6313479623824452,0.6615087040618955,0.6666666666666666,0.6517241379310345
EfficientNetV2B0,phone,dried,6,AdamW,flatten_dense,0.5168539325842697,0.5412763466042154,0.5359693877551021,0.5079079336505079,0.5479370049732915,0.5168539325842697,0.5011984344501865
EfficientNetV2B0,phone,comparison,6,AdamW,flatten_dense,0.6147859922178989,0.6182783882783883,0.5984331179124497,0.5893177085855407,0.6175929647524979,0.6147859922178989,0.5976744891524082
EfficientNetV2B0,phone,all,8,AdamW,flatten_dense,0.6127320954907162,0.6385559018620635,0.5978911410987522,0.5745052566481138,0.6359105363313401,0.6127320954907162,0.5816093594418718
EfficientNetV2B0,phone,microscope,8,AdamW,flatten_dense,0.620253164556962,0.6643735668125912,0.626422959756293,0.5994591853980058,0.666695693247098,0.620253164556962,0.5971487432692328
EfficientNetV2B0,phone,phone,8,AdamW,flatten_dense,0.696969696969697,0.6742424242424243,0.6654315605928509,0.6685267857142857,0.6914600550964187,0.696969696969697,0.6930465367965367
EfficientNetV2B0,phone,fresh,8,AdamW,flatten_dense,0.6726190476190477,0.6621352785145889,0.6431708388230127,0.6448202959830867,0.6670495452823039,0.6726190476190477,0.6625641800060406
EfficientNetV2B0,phone,dried,8,AdamW,flatten_dense,0.6067415730337079,0.6777476255088195,0.6336734693877552,0.5899697248914044,0.6919488360038418,0.6067415730337079,0.5815838008202528
EfficientNetV2B0,phone,comparison,8,AdamW,flatten_dense,0.6498054474708171,0.6615344853049772,0.633367881965614,0.625873447204969,0.6592747624194968,0.6498054474708171,0.6336053242139352
EfficientNetV2B0,phone,all,10,AdamW,flatten_dense,0.6180371352785146,0.6575231683860815,0.6017305629269945,0.5725354330708661,0.653837805296042,0.6180371352785146,0.5803040163746109
EfficientNetV2B0,phone,microscope,10,AdamW,flatten_dense,0.6139240506329114,0.7093406593406593,0.6221741221741222,0.57284049106945,0.7130824871331201,0.6139240506329114,0.5694867311050859
EfficientNetV2B0,phone,phone,10,AdamW,flatten_dense,0.7777777777777778,0.7633928571428572,0.7571926765475152,0.7599206349206349,0.7757936507936508,0.7777777777777778,0.7764550264550265
EfficientNetV2B0,phone,fresh,10,AdamW,flatten_dense,0.7142857142857143,0.7284424812752064,0.6741326306543698,0.6756234915526951,0.7235040741858487,0.7142857142857143,0.6956211929663256
EfficientNetV2B0,phone,dried,10,AdamW,flatten_dense,0.6067415730337079,0.6777476255088195,0.6336734693877552,0.5899697248914044,0.6919488360038418,0.6067415730337079,0.5815838008202528
EfficientNetV2B0,phone,comparison,10,AdamW,flatten_dense,0.6770428015564203,0.7110538373424972,0.657267406413852,0.6460936074195742,0.7056016865676299,0.6770428015564203,0.6546453584310711
EfficientNetV2B0,fresh,all,2,AdamW,flatten_dense,0.6392572944297082,0.6378975618112259,0.6363559369883123,0.6364719228587634,0.638532103699851,0.6392572944297082,0.6382444320402738
EfficientNetV2B0,fresh,microscope,2,AdamW,flatten_dense,0.759493670886076,0.7706608078418118,0.7567740901074234,0.7555772675460023,0.76942001484673,0.759493670886076,0.756360548214017
EfficientNetV2B0,fresh,phone,2,AdamW,flatten_dense,0.6868686868686869,0.6688559322033898,0.6737140366172625,0.6706021251475797,0.6925569251840438,0.6868686868686869,0.6890868543761106
EfficientNetV2B0,fresh,fresh,2,AdamW,flatten_dense,0.7916666666666666,0.7850776308223117,0.7902942468159859,0.7869488024928439,0.7949611845888442,0.7916666666666666,0.7926102395014312
EfficientNetV2B0,fresh,dried,2,AdamW,flatten_dense,0.6179775280898876,0.6172161172161172,0.5979591836734695,0.5906385281385281,0.6174013252664939,0.6179775280898876,0.6013363976847123
EfficientNetV2B0,fresh,comparison,2,AdamW,flatten_dense,0.7315175097276264,0.7352493917274938,0.7357944153152054,0.7315012491483079,0.7398593636096831,0.7315175097276264,0.7316719852311521
EfficientNetV2B0,fresh,all,4,AdamW,flatten_dense,0.649867374005305,0.6487604488720944,0.6467026141945684,0.6468233691023676,0.6492348453577561,0.649867374005305,0.6486497720441301
EfficientNetV2B0,fresh,microscope,4,AdamW,flatten_dense,0.7468354430379747,0.7603150145523028,0.7437870771204105,0.7418300653594772,0.7589670574008699,0.7468354430379747,0.7427401340282949
EfficientNetV2B0,fresh,phone,4,AdamW,flatten_dense,0.7070707070707071,0.6923558897243107,0.7007410636442895,0.6946069567067333,0.7168805853016379,0.7070707070707071,0.7101866446617005
EfficientNetV2B0,fresh,fresh,4,AdamW,flatten_dense,0.7797619047619048,0.7747863247863248,0.782389108476065,0.7762660619803476,0.7872252747252747,0.7797619047619048,0.7812601230968578
EfficientNetV2B0,fresh,dried,4,AdamW,flatten_dense,0.6404494382022472,0.6443833943833943,0.6206632653061225,0.6147186147186148,0.6434264861231153,0.6404494382022472,0.6247871978209057
EfficientNetV2B0,fresh,comparison,4,AdamW,flatten_dense,0.7315175097276264,0.7377415015896307,0.7370747469820753,0.7315012491483079,0.7429696547537142,0.7315175097276264,0.7313305130654637
EfficientNetV2B0,fresh,all,6,AdamW,flatten_dense,0.6657824933687002,0.6647015265436318,0.6632601208288633,0.6635073104386263,0.665255192478423,0.6657824933687002,0.665048563391257
EfficientNetV2B0,fresh,microscope,6,AdamW,flatten_dense,0.7721518987341772,0.7840121683285448,0.7694404361071028,0.7684416218856863,0.7826943605958374,0.7721518987341772,0.7691836772553845
EfficientNetV2B0,fresh,phone,6,AdamW,flatten_dense,0.696969696969697,0.687037037037037,0.6981255448997385,0.6877628259041211,0.7146277590722035,0.696969696969697,0.7013023421770268
EfficientNetV2B0,fresh,fresh,6,AdamW,flatten_dense,0.8035714285714286,0.8,0.8091787439613527,0.8010264508487959,0.8133928571428571,0.8035714285714286,0.805044836726637
EfficientNetV2B0,fresh,dried,6,AdamW,flatten_dense,0.6292134831460674,0.6293309438470729,0.6104591836734694,0.6050826946349335,0.6293007396668143,0.6292134831460674,0.6149543808440338
EfficientNetV2B0,fresh,comparison,6,AdamW,flatten_dense,0.7431906614785992,0.7502449479485609,0.7491464455554201,0.7431556632344034,0.7557316152029756,0.7431906614785992,0.7429106755250325
EfficientNetV2B0,fresh,all,8,AdamW,flatten_dense,0.6551724137931034,0.6547164903762788,0.6511348879227599,0.6510452267031215,0.6548734476181365,0.6551724137931034,0.6531591517979902
EfficientNetV2B0,fresh,microscope,8,AdamW,flatten_dense,0.7721518987341772,0.7786600496277916,0.7700817700817701,0.7697911607576493,0.7777303137858467,0.7721518987341772,0.7703813452517814
EfficientNetV2B0,fresh,phone,8,AdamW,flatten_dense,0.6565656565656566,0.6424418604651163,0.6495204882301656,0.6434322033898305,0.669603006812309,0.6565656565656566,0.6607130628317068
EfficientNetV2B0,fresh,fresh,8,AdamW,flatten_dense,0.7857142857142857,0.781396671881667,0.7896354852876593,0.7826336975273145,0.7943495133795233,0.7857142857142857,0.7872545798077714
EfficientNetV2B0,fresh,dried,8,AdamW,flatten_dense,0.6179775280898876,0.6126644736842105,0.6048469387755102,0.6035115303983228,0.6145771732702543,0.6179775280898876,0.6111699997644454
EfficientNetV2B0,fresh,comparison,8,AdamW,flatten_dense,0.7276264591439688,0.7307972775887215,0.7315571271796122,0.7275893397940643,0.7352364234113751,0.7276264591439688,0.7278491752433969
EfficientNetV2B0,fresh,all,10,AdamW,flatten_dense,0.6419098143236074,0.6407344632768361,0.6406470555022302,0.6406862225987504,0.6418076098847577,0.6419098143236074,0.6418541965179321
EfficientNetV2B0,fresh,microscope,10,AdamW,flatten_dense,0.759493670886076,0.7679197994987469,0.757094757094757,0.7563311688311688,0.7668665334221632,0.759493670886076,0.7570339470655926
EfficientNetV2B0,fresh,phone,10,AdamW,flatten_dense,0.6666666666666666,0.6545454545454545,0.6630340017436791,0.6552706552706553,0.6820936639118458,0.6666666666666666,0.6710984488762266
EfficientNetV2B0,fresh,fresh,10,AdamW,flatten_dense,0.7321428571428571,0.7301474758933636,0.7375933245498463,0.7293717558618221,0.7451128352645653,0.7321428571428571,0.7342619345930604
EfficientNetV2B0,fresh,dried,10,AdamW,flatten_dense,0.7078651685393258,0.7102521929824561,0.6956632653061224,0.6968029350104822,0.7093928641829292,0.7078651685393258,0.7026594115845758
EfficientNetV2B0,fresh,comparison,10,AdamW,flatten_dense,0.7237354085603113,0.7286001707108889,0.7286001707108889,0.7237354085603113,0.7334649328614665,0.7237354085603113,0.7237354085603113
EfficientNetV2B0,dried,all,2,AdamW,flatten_dense,0.6604774535809018,0.6595528455284553,0.6573457173507989,0.6575256912507808,0.659949106122361,0.6604774535809018,0.6592967486488535
EfficientNetV2B0,dried,microscope,2,AdamW,flatten_dense,0.7151898734177216,0.7165584415584416,0.7138848805515472,0.7138026808356479,0.7162543153049481,0.7151898734177216,0.7143071145018565
EfficientNetV2B0,dried,phone,2,AdamW,flatten_dense,0.7171717171717171,0.6979075850043592,0.6979075850043592,0.6979075850043592,0.7171717171717171,0.7171717171717171,0.7171717171717171
EfficientNetV2B0,dried,fresh,2,AdamW,flatten_dense,0.7142857142857143,0.7153791637136783,0.7224418093983311,0.7122877122877123,0.7317809051331375,0.7142857142857143,0.7165691451405737
EfficientNetV2B0,dried,dried,2,AdamW,flatten_dense,0.7191011235955056,0.726530612244898,0.726530612244898,0.7191011235955056,0.7339601008942903,0.7191011235955056,0.7191011235955056
EfficientNetV2B0,dried,comparison,2,AdamW,flatten_dense,0.7159533073929961,0.7150000000000001,0.7162845994390927,0.715107891819659,0.7178599221789883,0.7159533073929961,0.7163760151796648
EfficientNetV2B0,dried,all,4,AdamW,flatten_dense,0.6392572944297082,0.6397232385223652,0.633688103438541,0.632532538271888,0.6396024382020468,0.6392572944297082,0.6353015555133433
EfficientNetV2B0,dried,microscope,4,AdamW,flatten_dense,0.689873417721519,0.6896662387676509,0.6895141895141895,0.689562532579494,0.6898043580702296,0.689873417721519,0.6898112406931141
EfficientNetV2B0,dried,phone,4,AdamW,flatten_dense,0.7070707070707071,0.686231884057971,0.6680470793374019,0.6728950666514755,0.69959010393793,0.7070707070707071,0.699594785729
EfficientNetV2B0,dried,fresh,4,AdamW,flatten_dense,0.6845238095238095,0.6763944795859689,0.6796223100570926,0.6773796152034495,0.6885884744927298,0.6845238095238095,0.6859526483878815
EfficientNetV2B0,dried,dried,4,AdamW,flatten_dense,0.7191011235955056,0.7314241486068112,0.7288265306122449,0.7189592017178223,0.7399554736146381,0.7191011235955056,0.718320553268248
EfficientNetV2B0,dried,comparison,4,AdamW,flatten_dense,0.6964980544747081,0.6944581280788178,0.6925374954273869,0.6931108389467238,0.6957562630580206,0.6964980544747081,0.6957453399129339
EfficientNetV2B0,dried,all,6,AdamW,flatten_dense,0.6286472148541115,0.6272577996715928,0.6268985376319801,0.6270070104025328,0.6282639279072098,0.6286472148541115,0.6283847821418589
EfficientNetV2B0,dried,microscope,6,AdamW,flatten_dense,0.7025316455696202,0.7030038759689923,0.7015392015392015,0.7015633163203794,0.7028689529977432,0.7025316455696202,0.7019936848755975
EfficientNetV2B0,dried,phone,6,AdamW,flatten_dense,0.6464646464646465,0.6427696078431373,0.652353966870096,0.6392503904216553,0.673561596355714,0.6464646464646465,0.6521329904984251
EfficientNetV2B0,dried,fresh,6,AdamW,flatten_dense,0.6726190476190477,0.6892361111111112,0.6914800175669741,0.672514619883041,0.7100074404761905,0.6726190476190477,0.6735588972431077
EfficientNetV2B0,dried,dried,6,AdamW,flatten_dense,0.6966292134831461,0.7084623323013416,0.7061224489795919,0.6964759378552483,0.7166544914831693,0.6966292134831461,0.6957861975297079
EfficientNetV2B0,dried,comparison,6,AdamW,flatten_dense,0.6809338521400778,0.6830178376410629,0.6839104987196682,0.6808130376832667,0.6869963554156711,0.6809338521400778,0.6813204584018735
EfficientNetV2B0,dried,all,8,AdamW,flatten_dense,0.6074270557029178,0.6139147688060731,0.6118372762689854,0.6066271855611958,0.6163918956272778,0.6074270557029178,0.605639110680245
EfficientNetV2B0,dried,microscope,8,AdamW,flatten_dense,0.6772151898734177,0.6896008403361344,0.6736411736411736,0.6689264143966474,0.6885238272524199,0.6772151898734177,0.6702526184729306
EfficientNetV2B0,dried,phone,8,AdamW,flatten_dense,0.6161616161616161,0.6100654664484452,0.6172624237140366,0.6071428571428572,0.6405462150143001,0.6161616161616161,0.622174122174122
EfficientNetV2B0,dried,fresh,8,AdamW,flatten_dense,0.625,0.663888888888889,0.655467720685112,0.6239206907579149,0.6881944444444444,0.625,0.620322993284298
EfficientNetV2B0,dried,dried,8,AdamW,flatten_dense,0.7078651685393258,0.713160569105691,0.7140306122448979,0.7078282828282829,0.7199689412624464,0.7078651685393258,0.70816025422767
EfficientNetV2B0,dried,comparison,8,AdamW,flatten_dense,0.6536964980544747,0.6643984588615461,0.6612913059383002,0.6531713900134952,0.6698799509822412,0.6536964980544747,0.6520686631274385
EfficientNetV2B0,dried,all,10,AdamW,flatten_dense,0.596816976127321,0.594910571884256,0.5940799503133646,0.594072311005327,0.595887022838021,0.596816976127321,0.5959316002815164
EfficientNetV2B0,dried,microscope,10,AdamW,flatten_dense,0.6772151898734177,0.6800065876152832,0.6752445085778419,0.6742794777476858,0.6795771418088423,0.6772151898734177,0.6750623343145475
EfficientNetV2B0,dried,phone,10,AdamW,flatten_dense,0.6464646464646465,0.621031746031746,0.6196599825632083,0.6202739726027398,0.6445807279140613,0.6464646464646465,0.6454573128545731
EfficientNetV2B0,dried,fresh,10,AdamW,flatten_dense,0.6607142857142857,0.665340909090909,0.6703996486605182,0.6592534604846457,0.6826907467532467,0.6607142857142857,0.6632375292927547
EfficientNetV2B0,dried,dried,10,AdamW,flatten_dense,0.6741573033707865,0.6811224489795918,0.6811224489795918,0.6741573033707865,0.6880875945883972,0.6741573033707865,0.6741573033707865
EfficientNetV2B0,dried,comparison,10,AdamW,flatten_dense,0.6653696498054474,0.6652131782945736,0.6663211803438605,0.6647554908384905,0.668499080022924,0.6653696498054474,0.6659279761390448
EfficientNetV2B0,comparison,all,2,AdamW,flatten_dense,0.6790450928381963,0.682983682983683,0.6728586753994692,0.6718036160094394,0.6820747775654936,0.6790450928381963,0.6745191698202233
EfficientNetV2B0,comparison,microscope,2,AdamW,flatten_dense,0.7911392405063291,0.7915057915057915,0.7905242905242905,0.7907284768211921,0.7913591711060065,0.7911392405063291,0.7909631989269847
EfficientNetV2B0,comparison,phone,2,AdamW,flatten_dense,0.7171717171717171,0.6970982142857143,0.6924585876198779,0.6944444444444444,0.7144029581529581,0.7171717171717171,0.7154882154882156
EfficientNetV2B0,comparison,fresh,2,AdamW,flatten_dense,0.7797619047619048,0.7737414187643021,0.7801932367149759,0.7755551543599928,0.7850298300098072,0.7797619047619048,0.7810422201016171
EfficientNetV2B0,comparison,dried,2,AdamW,flatten_dense,0.7303370786516854,0.7323053589484327,0.7344387755102041,0.7300303336703741,0.7382101998386749,0.7303370786516854,0.730950568614308
EfficientNetV2B0,comparison,comparison,2,AdamW,flatten_dense,0.7626459143968871,0.7610522469857508,0.761370564565297,0.7611997136285397,0.7628136688612173,0.7626459143968871,0.7627182244353045
EfficientNetV2B0,comparison,all,4,AdamW,flatten_dense,0.6843501326259946,0.6961417322834647,0.6758088193777878,0.6724013290006937,0.6941285323419454,0.6843501326259946,0.6758863967247398
EfficientNetV2B0,comparison,microscope,4,AdamW,flatten_dense,0.7974683544303798,0.8018455560951918,0.7989417989417988,0.7971758664955071,0.8029398565113949,0.7974683544303798,0.7969808745389252
EfficientNetV2B0,comparison,phone,4,AdamW,flatten_dense,0.7171717171717171,0.6979075850043592,0.6979075850043592,0.6979075850043592,0.7171717171717171,0.7171717171717171,0.7171717171717171
EfficientNetV2B0,comparison,fresh,4,AdamW,flatten_dense,0.7797619047619048,0.7726470588235295,0.7714097496706193,0.771998679529032,0.7793172268907563,0.7797619047619048,0.7795114781414894
EfficientNetV2B0,comparison,dried,4,AdamW,flatten_dense,0.7415730337078652,0.7492346938775509,0.7492346938775509,0.7415730337078652,0.7568963540472369,0.7415730337078652,0.7415730337078652
EfficientNetV2B0,comparison,comparison,4,AdamW,flatten_dense,0.7665369649805448,0.7668095948297291,0.7617668577002805,0.7630899705014749,0.7666699551508785,0.7665369649805448,0.765425031277619
EfficientNetV2B0,comparison,all,6,AdamW,flatten_dense,0.6816976127320955,0.6885678545277032,0.6744819603636159,0.6725535610885929,0.6871938061685816,0.6816976127320955,0.6756015783030938
EfficientNetV2B0,comparison,microscope,6,AdamW,flatten_dense,0.7974683544303798,0.7974683544303798,0.7976591309924643,0.7974358974358975,0.7977888158948886,0.7974683544303798,0.7975008114248621
EfficientNetV2B0,comparison,phone,6,AdamW,flatten_dense,0.6868686868686869,0.6646825396825398,0.6628160418482999,0.6636712328767123,0.685225268558602,0.6868686868686869,0.6859764770997648
EfficientNetV2B0,comparison,fresh,6,AdamW,flatten_dense,0.7738095238095238,0.7663592446201142,0.7663592446201142,0.7663592446201142,0.7738095238095238,0.7738095238095238,0.7738095238095238
EfficientNetV2B0,comparison,dried,6,AdamW,flatten_dense,0.7191011235955056,0.7176440849342771,0.7196428571428571,0.7178186429930247,0.7220152009179628,0.7191011235955056,0.7197423638967461
EfficientNetV2B0,comparison,comparison,6,AdamW,flatten_dense,0.754863813229572,0.7533680342927127,0.7522558224606755,0.7527072228246758,0.7545314179102699,0.754863813229572,0.75459423942896
EfficientNetV2B0,comparison,all,8,AdamW,flatten_dense,0.6923076923076923,0.7032388663967611,0.6842357856699226,0.6816434686389843,0.7012768607910309,0.6923076923076923,0.6848891019294606
EfficientNetV2B0,comparison,microscope,8,AdamW,flatten_dense,0.7911392405063291,0.7910256410256411,0.7911656244989578,0.7910639150470847,0.7912528399870171,0.7911392405063291,0.7911643489927439
EfficientNetV2B0,comparison,phone,8,AdamW,flatten_dense,0.7474747474747475,0.7305429864253394,0.722101133391456,0.7255184651214373,0.7441976324329266,0.7474747474747475,0.7451222886511787
EfficientNetV2B0,comparison,fresh,8,AdamW,flatten_dense,0.7738095238095238,0.7666906993511176,0.7707509881422925,0.7682590387686947,0.7763981872489442,0.7738095238095238,0.774663444585036
EfficientNetV2B0,comparison,dried,8,AdamW,flatten_dense,0.7752808988764045,0.7809959349593496,0.7821428571428571,0.7752525252525253,0.7883438384945647,0.7752808988764045,0.7755078878674384
EfficientNetV2B0,comparison,comparison,8,AdamW,flatten_dense,0.77431906614786,0.7731873389768127,0.7715217656383369,0.7721631205673759,0.7740068655489504,0.77431906614786,0.7739741148549826
EfficientNetV2B0,comparison,all,10,AdamW,flatten_dense,0.6923076923076923,0.7070158102766799,0.683346507819999,0.6796284357967532,0.7046214654910308,0.6923076923076923,0.6831786276198162
EfficientNetV2B0,comparison,microscope,10,AdamW,flatten_dense,0.7848101265822784,0.7848101265822784,0.784992784992785,0.784775641025641,0.7851305880467874,0.7848101265822784,0.784844612138916
EfficientNetV2B0,comparison,phone,10,AdamW,flatten_dense,0.7373737373737373,0.7268518518518519,0.6922406277244987,0.6998600746268657,0.732697343808455,0.7373737373737373,0.7266555480174882
EfficientNetV2B0,comparison,fresh,10,AdamW,flatten_dense,0.7738095238095238,0.7672890216579538,0.7619675010979359,0.7641495492832866,0.7724367865144564,0.7738095238095238,0.7726730562182017
EfficientNetV2B0,comparison,dried,10,AdamW,flatten_dense,0.7528089887640449,0.7583841463414633,0.7594387755102041,0.7527777777777778,0.7655522060838585,0.7528089887640449,0.7530586766541821
EfficientNetV2B0,comparison,comparison,10,AdamW,flatten_dense,0.7665369649805448,0.7675871548169437,0.7611266918668456,0.7626231527093597,0.7670970662266242,0.7665369649805448,0.7651137605182956
