,path,device,species,image,segment,angle,area,perimeter,roundness,length,width,len_wid_ratio,laplacian,edge
0,Data/raw/microscope/aegypti/ag_01.tif,microscope,aegypti,0,0,1.216675445432223,72422.0,1606.4894654563445,0.3526343496512326,414.04797625615817,281.97665008152364,1.4683768182097727,0.005847883024744521,0.016318407052971756
1,Data/raw/microscope/aegypti/ag_01.tif,microscope,aegypti,0,1,1.4844260344197904,70991.0,1344.0142853498728,0.4938617468598688,565.2657894006747,161.20107377218983,3.506588238981033,0.0106211906233576,0.05006383893227357
2,Data/raw/microscope/aegypti/ag_01.tif,microscope,aegypti,0,2,1.3057237614518264,50188.0,1181.0681092190353,0.4521264008132144,511.5298697675782,126.14869900084004,4.054975388720988,0.01053338480013593,0.0396909270686628
3,Data/raw/microscope/aegypti/ag_01.tif,microscope,aegypti,0,3,0.3439378815075622,886890.0,13025.743284223727,0.06568626872993855,1758.6122111599861,1058.1274813832467,1.6620040988454665,0.00456571892888597,0.017572879796630053
4,Data/raw/microscope/aegypti/ag_01.tif,microscope,aegypti,0,4,-0.7415588066779232,63642.0,1273.477272147525,0.493141198480414,449.7180129855046,189.55591167285067,2.372482129503091,0.008518612806296675,0.02579445689795664
5,Data/raw/microscope/aegypti/ag_01.tif,microscope,aegypti,0,5,0.07009677372601646,186546.0,2804.192134348286,0.2981125583398428,711.945866855367,388.2546534027983,1.8337085225267147,0.007295502525185742,0.03679383803423734
6,Data/raw/microscope/aegypti/ag_01.tif,microscope,aegypti,0,6,1.3753216027197734,35639.0,906.1320343559644,0.545446808754884,349.17559438494084,134.20442179689073,2.601818850003276,0.008157088588634436,0.023820313953315922
7,Data/raw/microscope/aegypti/ag_01.tif,microscope,aegypti,0,7,0.932362571542734,32065.0,819.7716446627535,0.599591301421997,298.0968734964137,139.9457015436393,2.130089529069659,0.005989444737955423,0.018713224392196706
8,Data/raw/microscope/aegypti/ag_01.tif,microscope,aegypti,0,8,0.11138401832809193,78824.0,1984.6244584051392,0.25148475035978524,715.0500523406619,204.17293211510633,3.5021784961071085,0.004000942689722424,0.015881742012728493
9,Data/raw/microscope/aegypti/ag_01.tif,microscope,aegypti,0,9,-1.001955301079706,104146.0,2146.732106143464,0.2839858853260767,643.5835724504186,293.3705264646244,2.1937567492078114,0.005662141940146964,0.02518041318458006
10,Data/raw/microscope/aegypti/ag_01.tif,microscope,aegypti,0,10,-1.3791164718023312,58597.0,1346.5239533417507,0.40612252622602296,443.746358924603,186.8046316188418,2.375456941720952,0.007395135590987491,0.029758302151743084
11,Data/raw/microscope/aegypti/ag_02.tif,microscope,aegypti,1,0,0.00013934047589744908,181527.0,2325.899494936612,0.4216666033832896,1126.9418378327603,214.7559933834656,5.247545458815238,0.0004982767008137583,0.0003507127321097376
12,Data/raw/microscope/aegypti/ag_02.tif,microscope,aegypti,1,1,0.0006097329096420771,181931.0,2340.485281374238,0.41735415550947075,1129.4723868994051,214.93745000794007,5.254888744877549,0.0019313917318356934,0.0008836982247062176
13,Data/raw/microscope/aegypti/ag_03.tif,microscope,aegypti,2,0,0.000514835763835139,206672.0,2373.0710678118658,0.461179524574583,1115.186423756279,247.25767368717433,4.51021967135059,0.00010671377311429054,0.00010682157876205652
14,Data/raw/microscope/aegypti/ag_03.tif,microscope,aegypti,2,1,3.033453089610594e-05,206995.0,2360.970562748477,0.46664710376798596,1116.9072018301056,247.02546897890346,4.521425286416487,0.001426808978611019,0.0006909940544956831
15,Data/raw/microscope/aegypti/ag_04.tif,microscope,aegypti,3,0,0.0008252875980537108,237216.0,2442.083261120685,0.4998421878503284,1109.1206138771852,284.88407992644784,3.8932347997948535,0.0006358955750984219,0.0008206119479537894
16,Data/raw/microscope/aegypti/ag_04.tif,microscope,aegypti,3,1,-0.006406219645160481,237946.0,2529.7989898732235,0.4672144249043465,1114.0104027018847,286.6383092382552,3.8864672543679903,0.00040540051676192165,0.0008064782996939705
17,Data/raw/microscope/aegypti/ag_05.tif,microscope,aegypti,4,0,0.0,269126.0,2450.0,0.5634214174027533,1086.5725930650008,330.242335263061,3.290228044806763,0.0,0.0
18,Data/raw/microscope/aegypti/ag_05.tif,microscope,aegypti,4,1,0.014674413586895422,274822.0,2661.39696961967,0.4875756897278298,1114.1196938769247,332.34451901405527,3.352303498737126,0.002290589331185937,0.002141046313662358
19,Data/raw/microscope/aegypti/ag_06.tif,microscope,aegypti,5,0,-0.0022606271128791725,308039.0,2627.0710678118653,0.5608825464283784,1072.2535016455806,383.3168797535127,2.797303114684332,9.151072068312385e-05,0.00024882154932134805
20,Data/raw/microscope/aegypti/ag_06.tif,microscope,aegypti,5,1,0.002330898012971865,309141.0,2552.083261120685,0.5964537774359742,1075.2777207849033,383.3449721890901,2.8049871494193175,0.0005744854580971568,0.0006729161410327244
21,Data/raw/microscope/aegypti/ag_07.tif,microscope,aegypti,6,0,0.0005993476425671618,348323.0,2587.313708498985,0.6538736510108853,1050.1620230049798,442.33517757658103,2.3741318263641067,9.055466704037288e-05,8.379972134982966e-05
22,Data/raw/microscope/aegypti/ag_07.tif,microscope,aegypti,6,1,-0.0026728634805914787,350698.0,2717.0121933088194,0.5969802703061804,1057.870704423595,442.1886863635186,2.392351358247847,0.0020063846699725444,0.0012923098146318157
23,Data/raw/microscope/aegypti/ag_08.tif,microscope,aegypti,7,0,0.001144092549596498,393229.0,2669.556349186104,0.6933894316812479,1027.3086938855372,510.5276151318986,2.012249021279925,0.00011764535781944849,0.00010059221352097627
24,Data/raw/microscope/aegypti/ag_08.tif,microscope,aegypti,7,1,-0.006355118175469857,395438.0,2698.7695526217003,0.6822706062644863,1033.2273814961595,511.08613046002756,2.021630640937475,0.0020157561360240033,0.0012148552447514942
25,Data/raw/microscope/aegypti/ag_09.tif,microscope,aegypti,8,0,-0.01378192032243871,446550.0,3075.740115370178,0.59317205642352,1013.7744242504999,588.8705700601873,1.7215572925420335,0.0004428117931113576,0.0007467806536901604
26,Data/raw/microscope/aegypti/ag_09.tif,microscope,aegypti,8,1,0.00036364302371957695,443393.0,2771.556349186104,0.7253561055049174,1001.9532864035658,589.8546928929359,1.6986442567566886,0.00012577759975410013,0.0001510286600186051
27,Data/raw/microscope/aegypti/ag_10.tif,microscope,aegypti,9,0,-0.06179016264003706,533236.0,4839.418397644479,0.28611655260937935,1153.1467999319048,663.6428510408898,1.7376014796561932,0.0026463798850161783,0.004489562093409525
28,Data/raw/microscope/aegypti/ag_10.tif,microscope,aegypti,9,1,0.031010306786052957,500883.0,3108.4507934888325,0.6514156110722863,984.2503712360685,684.1748648916921,1.438594753684615,0.0021096225621491343,0.0015589451745362229
29,Data/raw/microscope/aegypti/ag_11.tif,microscope,aegypti,10,0,0.0021328013745538356,552120.0,2993.0710678118658,0.7744783565441882,932.0730439651155,789.9903059202995,1.179853774128654,2.9164932902121124e-05,3.2175267072697483e-05
30,Data/raw/microscope/aegypti/ag_11.tif,microscope,aegypti,10,1,-0.019319911083455047,557082.0,3142.468037431536,0.7089037144346342,941.0696823111149,788.17702568849,1.1939826354226322,0.0003586250822844399,0.000623466678649648
31,Data/raw/microscope/aegypti/ag_12.tif,microscope,aegypti,11,0,0.7035624148386596,615867.0,3474.2253967444162,0.6411812540544755,912.4871055308892,901.8311783600205,1.0118158779897657,0.00025411585003068615,0.0006485315884128514
32,Data/raw/microscope/aegypti/ag_12.tif,microscope,aegypti,11,1,1.1707542968461386,614047.0,3395.480230740355,0.6692818773348114,915.2546496674422,898.8959836189787,1.0181986195806585,0.0022847257172338943,0.0011959708668377352
33,Data/raw/microscope/aegypti/ag_13.tif,microscope,aegypti,12,0,-1.5628767758292206,663345.0,3377.78174593052,0.7306109135862554,1039.262825011091,853.4825355590606,1.217673217332254,0.00019938453643941176,0.00035804611407080466
34,Data/raw/microscope/aegypti/ag_13.tif,microscope,aegypti,12,1,1.546707209027198,670347.0,3694.19090885901,0.6172638790426104,1031.1006631093273,869.9372472533701,1.1852586682140513,0.0029776576989073715,0.0016927764928687144
35,Data/raw/microscope/aegypti/ag_14.tif,microscope,aegypti,13,0,-1.5631098299509183,650617.0,3337.5391052434015,0.7339771587230592,1005.552337331238,865.0130708393007,1.162470685391581,0.00017481777272547434,0.0003420696759980688
36,Data/raw/microscope/aegypti/ag_14.tif,microscope,aegypti,13,1,1.5397055649512108,657409.0,3649.019335983756,0.6204305580921868,997.8356878523857,880.9155683865857,1.1327256818493303,0.0026239436117285976,0.0016626288405309402
37,Data/raw/microscope/aegypti/ag_15.tif,microscope,aegypti,14,0,1.4586959013930554,691750.0,5288.93311627024,0.31075840368645047,1034.53704494308,926.1356977538256,1.1170469375623489,0.0014484398941931023,0.002988121351718725
38,Data/raw/microscope/aegypti/ag_15.tif,microscope,aegypti,14,1,1.5707963267948966,653840.0,3242.0,0.7817273899376477,1016.1358176936782,857.9417229625798,1.1843879257729004,0.0009349206229505197,0.0011077104797842274
39,Data/raw/microscope/aegypti/ag_16.tif,microscope,aegypti,15,0,-1.5060758371333252,687046.0,5247.577777210913,0.3135291399030344,1012.0830867090268,946.9350045346126,1.0687988952382559,0.0014618922490094422,0.0032220892195435587
40,Data/raw/microscope/aegypti/ag_16.tif,microscope,aegypti,15,1,1.5707963267948966,643607.0,3212.0,0.783934088621191,989.5776877031939,867.1793355471519,1.1411453745940727,0.0008849136522442944,0.0010703854400492636
41,Data/raw/microscope/aegypti/ag_17.tif,microscope,aegypti,16,0,1.4990002333969168,659826.0,3829.227488785469,0.5654796139381254,999.6647882083582,883.2080272391078,1.1318565472432267,0.0008970952632416043,0.0012459309564776836
42,Data/raw/microscope/aegypti/ag_17.tif,microscope,aegypti,16,1,1.5583863913502674,648728.0,3266.526911934581,0.7640117292281797,1001.658275988731,864.0959847014772,1.1591979290758747,0.00013094018266754143,0.00018137843200946986
43,Data/raw/microscope/aegypti/ag_18.tif,microscope,aegypti,17,0,1.5581471172798498,649755.0,3360.7106781186544,0.7229316563491291,994.641129581059,869.3403431873726,1.1441331779614416,0.00025482491580995837,0.00044271749072730663
44,Data/raw/microscope/aegypti/ag_18.tif,microscope,aegypti,17,1,1.5648749338949202,647738.0,3263.899494936612,0.7640744647013424,997.6819409793654,865.741752387947,1.1524013231745982,0.0035921510839637813,0.0013112420470881457
45,Data/raw/microscope/aegypti/ag_19.tif,microscope,aegypti,18,0,1.5269519720526041,658178.0,3547.4629867976523,0.6572301526820603,999.4143715541398,879.779225994399,1.135983144435491,0.0010204519872392512,0.00156454695306009
46,Data/raw/microscope/aegypti/ag_19.tif,microscope,aegypti,18,1,1.5707963267948966,646155.0,3220.0,0.7831317468771701,998.8152982408709,862.560529277028,1.1579654578885583,0.0,0.0
47,Data/raw/microscope/aegypti/ag_20.tif,microscope,aegypti,19,0,1.3909797999827145,656393.0,3498.7939392393405,0.6738094132419558,1008.3940205848423,879.1453886939237,1.147016220016729,0.0005222926327946854,0.0012473100792908098
48,Data/raw/microscope/aegypti/ag_20.tif,microscope,aegypti,19,1,-1.5475471280199973,652425.0,3461.4213562373097,0.6842763348792265,993.149019365825,876.0726589980461,1.1336377287492088,0.0005059828872826033,0.0006881110403877173
49,Data/raw/microscope/albopictus/ap_01.tif,microscope,albopictus,20,0,1.5707963267948966,650868.0,3234.0,0.7820288100254682,1011.5170125443599,857.9417229625798,1.1790043373242947,0.0,0.0
50,Data/raw/microscope/albopictus/ap_01.tif,microscope,albopictus,20,1,-1.570737833186862,652600.0,3241.313708498985,0.7805752943691385,1011.5087150086649,860.224866163276,1.175865468200351,0.0012444163767229373,0.0012660675237562296
51,Data/raw/microscope/albopictus/ap_02.tif,microscope,albopictus,21,0,1.5707963267948966,644140.0,3214.0,0.7836071465044728,993.0417916684071,864.8699324175861,1.148197843914564,0.0,0.0
52,Data/raw/microscope/albopictus/ap_02.tif,microscope,albopictus,21,1,1.5707963267948966,644140.0,3214.0,0.7836071465044728,993.0417916684071,864.8699324175861,1.148197843914564,0.0,0.0
53,Data/raw/microscope/albopictus/ap_03.tif,microscope,albopictus,22,0,1.5707963267948966,645408.0,3218.0,0.7831990081305712,997.6605969299712,862.560529277028,1.1566267677077458,0.0,0.0
54,Data/raw/microscope/albopictus/ap_03.tif,microscope,albopictus,22,1,1.5707845650196668,646972.0,3233.5979797464465,0.7775410017840417,997.7328509289406,864.6518700209392,1.1539127890913814,0.0008930795665674458,0.0009902289967044296
55,Data/raw/microscope/albopictus/ap_04.tif,microscope,albopictus,23,0,1.5707963267948966,645408.0,3218.0,0.7831990081305712,997.6605969299712,862.560529277028,1.1566267677077458,0.0,0.0
56,Data/raw/microscope/albopictus/ap_04.tif,microscope,albopictus,23,1,1.3485311726266063,679387.0,3373.1198410471443,0.75034942502026,1001.4515860408268,904.8375382263602,1.1067750217390926,0.0008957490851091234,0.0015304700760363679
57,Data/raw/microscope/albopictus/ap_05.tif,microscope,albopictus,24,0,1.5619337384046421,664122.0,3333.4974746830585,0.7510303197641183,1043.675465050625,848.5147208697723,1.2300027794223802,0.00014303526802839022,0.00017470414437349897
58,Data/raw/microscope/albopictus/ap_05.tif,microscope,albopictus,24,1,-1.5451500809900147,667231.0,3416.3259018078047,0.7184019332199051,1046.8206770047118,852.6784712505253,1.2276851266919646,0.002903954792255427,0.0013015501093260734
59,Data/raw/microscope/albopictus/ap_06.tif,microscope,albopictus,25,0,1.5707963267948966,639852.0,3202.0,0.784235938806491,983.8041810577279,867.1793355471519,1.1344875745188172,0.0,0.0
60,Data/raw/microscope/albopictus/ap_06.tif,microscope,albopictus,25,1,1.5707963267948966,641556.0,3206.0,0.784363541872111,983.8041810577279,869.4887386658131,1.1314743219875694,0.0011341224880130065,0.0012173413992444908
61,Data/raw/microscope/albopictus/ap_07.tif,microscope,albopictus,26,0,1.5707963267948966,647405.0,3224.0,0.7827009247860724,1003.4341034666901,860.2511261253891,1.166443231508692,0.0,0.0
62,Data/raw/microscope/albopictus/ap_07.tif,microscope,albopictus,26,1,-1.5705483095054205,649111.0,3229.8994949366115,0.7818992845716121,1003.4212495238887,862.5181635949709,1.1633624564399137,0.0011211624488801524,0.00119177297499519
63,Data/raw/microscope/albopictus/ap_08.tif,microscope,albopictus,27,0,-1.5637779198472976,648650.0,3469.480230740355,0.6771602428044556,991.7900694609482,871.8628678503595,1.1375528262905357,0.00032141688236313854,0.000616741944578601
64,Data/raw/microscope/albopictus/ap_08.tif,microscope,albopictus,27,1,1.5707963267948966,645638.0,3218.0,0.7834781118477083,995.3511943027949,864.8699324175861,1.150868075064735,0.0,0.0
65,Data/raw/microscope/albopictus/ap_09.tif,microscope,albopictus,28,0,1.5484147682423344,648171.0,3331.639610306789,0.7338096634105656,996.9477181491344,866.979675966803,1.1499089837802703,0.00024190766876791572,0.0003516791373018749
66,Data/raw/microscope/albopictus/ap_09.tif,microscope,albopictus,28,1,1.5438207514920035,652948.0,3428.107647738325,0.6981995395176455,1001.7519188431487,873.837753479509,1.1463820541677239,0.0022916209628266334,0.0013966073468846913
67,Data/raw/microscope/albopictus/ap_10.tif,microscope,albopictus,29,0,-1.5667516109335309,649412.0,3332.4852813742386,0.7348415313229555,1007.6382926544833,859.4189517522741,1.1724645943634404,5.8145931578457156e-05,8.351243635753701e-05
68,Data/raw/microscope/albopictus/ap_10.tif,microscope,albopictus,29,1,1.5547130609315332,654579.0,3484.894444302728,0.6773180917990906,1005.7167719582126,867.2404410935567,1.1596746695645819,0.00038404501127398095,0.00047967037177748035
69,Data/raw/microscope/albopictus/ap_11.tif,microscope,albopictus,30,0,1.5707963267948966,645915.0,3220.0,0.7828408698906104,1001.1247008573241,860.2511261253891,1.1637586635503008,0.0,0.0
70,Data/raw/microscope/albopictus/ap_11.tif,microscope,albopictus,30,1,1.5707963267948966,647649.0,3224.0,0.7829959163688496,1001.1247008573241,862.560529277028,1.1606428382439855,0.0,0.0
71,Data/raw/microscope/albopictus/ap_12.tif,microscope,albopictus,31,0,1.5707963267948966,643914.0,3214.0,0.7833322137024267,995.3511943027949,862.560529277028,1.1539493873398867,0.0,0.0
72,Data/raw/microscope/albopictus/ap_12.tif,microscope,albopictus,31,1,1.5577181272713667,649566.0,3379.0538238691624,0.7148961028715486,994.1504034515318,870.9817694482808,1.1414135614816272,0.0003003062310728069,0.0005208072691736404
73,Data/raw/microscope/albopictus/ap_13.tif,microscope,albopictus,32,0,1.5707963267948966,648150.0,3226.0,0.7826303097716302,1004.5888047687306,860.2511261253891,1.1677855154848156,0.0,0.0
74,Data/raw/microscope/albopictus/ap_13.tif,microscope,albopictus,32,1,1.5697768724184622,650113.0,3245.4558441227155,0.7756169743940462,1004.3273051689011,862.873094317675,1.1639339687177086,0.0035601111117346223,0.001224259065862659
75,Data/raw/microscope/albopictus/ap_14.tif,microscope,albopictus,33,0,-1.5688986333874042,644040.0,3216.828427124746,0.7821083263208822,995.5056852934933,862.730046513958,1.1539017208407696,1.2705817154303978e-05,3.352692982651079e-05
76,Data/raw/microscope/albopictus/ap_14.tif,microscope,albopictus,33,1,1.5699905179781588,645670.0,3234.526911934581,0.7755305926927,995.0691845323722,864.9256780053205,1.1504678492459455,0.0028763544268932593,0.001039116702937868
77,Data/raw/microscope/albopictus/ap_15.tif,microscope,albopictus,34,0,1.5707963267948966,645408.0,3218.0,0.7831990081305712,997.6605969299712,862.560529277028,1.1566267677077458,0.0,0.0
78,Data/raw/microscope/albopictus/ap_15.tif,microscope,albopictus,34,1,1.5706736563854722,646974.0,3225.313708498985,0.7815428011054814,997.7814884754472,864.6547050963046,1.1539652564133274,0.0012293858910925252,0.0011904204122591313
79,Data/raw/microscope/albopictus/ap_16.tif,microscope,albopictus,35,0,1.5707963267948966,645408.0,3218.0,0.7831990081305712,997.6605969299712,862.560529277028,1.1566267677077458,0.0,0.0
80,Data/raw/microscope/albopictus/ap_16.tif,microscope,albopictus,35,1,-1.570789163096046,647072.0,3223.6568542494924,0.78246488791646,997.7098580221804,864.7850363809783,1.1537085125772717,0.0014459049619178603,0.0013550034687700731
81,Data/raw/microscope/albopictus/ap_17.tif,microscope,albopictus,36,0,1.5707963267948966,645408.0,3218.0,0.7831990081305712,997.6605969299712,862.560529277028,1.1566267677077458,0.0,0.0
82,Data/raw/microscope/albopictus/ap_17.tif,microscope,albopictus,36,1,1.5705172986086926,646730.0,3236.083261120685,0.7760567792889546,997.8346495411938,864.3299259720873,1.1544603739352859,0.0007892569975755884,0.0008371963517679442
83,Data/raw/microscope/albopictus/ap_18.tif,microscope,albopictus,37,0,1.5707963267948966,645408.0,3218.0,0.7831990081305712,997.6605969299712,862.560529277028,1.1566267677077458,0.0,0.0
84,Data/raw/microscope/albopictus/ap_18.tif,microscope,albopictus,37,1,-1.5705310126597558,646730.0,3228.6274169979697,0.7796452016082792,997.8285570204141,864.3300554157149,1.1544531522052541,0.000864311963684117,0.0008894394655165015
85,Data/raw/microscope/albopictus/ap_19.tif,microscope,albopictus,38,0,1.5707963267948966,645408.0,3218.0,0.7831990081305712,997.6605969299712,862.560529277028,1.1566267677077458,0.0,0.0
86,Data/raw/microscope/albopictus/ap_19.tif,microscope,albopictus,38,1,1.552247195138424,648585.0,3283.9827560572967,0.7557445577280847,998.6633845440793,866.8832178679435,1.1520160547117784,0.002899077050463172,0.001218816680872814
87,Data/raw/microscope/albopictus/ap_20.tif,microscope,albopictus,39,0,1.5707963267948966,646902.0,3222.0,0.783064049029983,999.9699995499865,862.560529277028,1.1593041480673025,0.0,0.0
88,Data/raw/microscope/albopictus/ap_20.tif,microscope,albopictus,39,1,1.5512091323497423,648508.0,3287.254833995939,0.7541512523202842,1001.0263113171062,864.7889222965138,1.1575383142730409,0.0001482819761652039,0.00024291677911243494
89,Data/raw/phone/aegypti/IMG_20250521_110619_084.jpg,phone,aegypti,40,0,-1.1306148844414015,704841.0,3658.977705423413,0.661578672240248,1022.6154873849397,938.4764337682857,1.0896549456002944,0.00019121886467997755,0.00045057667147946286
90,Data/raw/phone/aegypti/IMG_20250521_110619_084.jpg,phone,aegypti,40,1,1.5707963267948966,686880.0,3314.0,0.7859333665365664,997.6605969299712,917.986201784464,1.086792584671348,0.0,0.0
91,Data/raw/phone/aegypti/IMG_20250521_110624_594.jpg,phone,aegypti,41,0,1.2669222235590414,744868.0,4469.327993848858,0.4686026342958623,1051.5312654793415,972.8602372328825,1.0808657042765197,0.0007502465030022079,0.0013572415365454486
92,Data/raw/phone/aegypti/IMG_20250521_110624_594.jpg,phone,aegypti,41,1,1.5707963267948966,716177.0,3392.0,0.7822013234073157,1058.8597640858775,901.8203812289895,1.1741359877483326,0.0015558066671137914,0.00138100946245907
93,Data/raw/phone/aegypti/IMG_20250521_110640_258.jpg,phone,aegypti,42,0,-1.3430156653217609,724961.0,3724.1076477383244,0.6568709501709794,1043.8956825707571,935.9372078850105,1.1153479889208662,0.0003382801859303848,0.0005848647887699408
94,Data/raw/phone/aegypti/IMG_20250521_110640_258.jpg,phone,aegypti,42,1,1.0365477436926627,753325.0,3935.5634918610403,0.6111930369701173,1078.2009387824214,948.2852266755025,1.1370006707395173,0.000584592128587491,0.0018299303779401443
95,Data/raw/phone/aegypti/IMG_20250521_110642_921.jpg,phone,aegypti,43,0,-1.0184020529396491,788955.0,5145.910821693655,0.37440150479813067,1109.8279510158702,992.604067334668,1.1180973235340157,0.0005533134714573163,0.0015833351990830833
96,Data/raw/phone/aegypti/IMG_20250521_110642_921.jpg,phone,aegypti,43,1,1.5630865816737254,734522.0,3457.39696961967,0.7721757846687178,1093.9568595936462,894.7485873986501,1.2226416168749312,0.003272979584656777,0.0013534459297464057
97,Data/raw/phone/aegypti/IMG_20250521_110644_440.jpg,phone,aegypti,44,0,-1.0164348228670828,736624.0,4713.737156777347,0.41660550492313064,1024.272787986039,984.6101411648675,1.0402825901978296,0.0007596733334816097,0.0010951577223627272
98,Data/raw/phone/aegypti/IMG_20250521_110644_440.jpg,phone,aegypti,44,1,1.5479539879349327,709638.0,3421.2964645562815,0.7618426992443662,1028.7264213889368,917.3011967868712,1.121470706669049,0.0005952974685296133,0.0006685460904496274
99,Data/raw/phone/aegypti/IMG_20250521_110648_070.jpg,phone,aegypti,45,0,1.4316288285455125,738304.0,4021.4701294725887,0.5736875049562524,1052.017412626422,942.940404599635,1.1156775205460625,0.0005459321376713679,0.0008591366598943595
100,Data/raw/phone/aegypti/IMG_20250521_110648_070.jpg,phone,aegypti,45,1,1.5707963267948966,716177.0,3392.0,0.7822013234073157,1058.8597640858775,901.8203812289895,1.1741359877483326,0.0,0.0
101,Data/raw/phone/aegypti/IMG_20250521_110654_084.jpg,phone,aegypti,46,0,1.5707963267948966,705483.0,3364.0,0.7834015794403102,1040.384544291196,904.1297841939876,1.1507026562770264,0.0,0.0
102,Data/raw/phone/aegypti/IMG_20250521_110654_084.jpg,phone,aegypti,46,1,-0.4153776631014697,54162.0,1935.317892581091,0.181718830545106,377.6076363497311,321.59960965662344,1.174154523237476,0.004380813481816295,0.011718997280767267
103,Data/raw/phone/aegypti/IMG_20250521_110654_084.jpg,phone,aegypti,46,2,-1.570534867381978,707312.0,3368.828427124746,0.7831827331452997,1040.3883873720958,906.4739082895022,1.1477312009292,3.0797048265824134e-05,3.283382935364565e-05
104,Data/raw/phone/aegypti/IMG_20250521_110657_946.jpg,phone,aegypti,47,0,-1.5196771456210791,719148.0,3678.9777054234137,0.6676883966721001,1044.1907499505232,919.2739341334827,1.1358863894414546,0.0004908892863291908,0.0006566389627647647
105,Data/raw/phone/aegypti/IMG_20250521_110657_946.jpg,phone,aegypti,47,1,1.3520192953514882,44827.0,1486.3401871576773,0.25498409917337556,479.63138748203073,160.02539289515525,2.99722049610135,0.0037985628453322882,0.013492185057403676
106,Data/raw/phone/aegypti/IMG_20250521_110657_946.jpg,phone,aegypti,47,2,1.3742933130962294,725604.0,3712.2914139223985,0.6616455720667195,1057.6889759008304,928.6933039293292,1.1389001852664562,0.0025798417341655207,0.0010995770710723054
107,Data/raw/phone/aegypti/IMG_20250521_110701_182.jpg,phone,aegypti,48,0,1.5346401847132076,728938.0,3837.1543289325505,0.6221311135040192,1067.3246662748395,914.9405317170065,1.166550862351528,0.00020594025576249094,0.0005602365449873546
108,Data/raw/phone/aegypti/IMG_20250521_110701_182.jpg,phone,aegypti,48,1,1.5707963267948966,721056.0,3406.0,0.7810693065316471,1071.5614774710782,897.2015752698312,1.1943374900437604,0.0,0.0
109,Data/raw/phone/aegypti/IMG_20250521_110704_762.jpg,phone,aegypti,49,0,-1.5702642249974685,710193.0,3661.8822509939087,0.6655451159892936,1031.3569650872973,918.6808539112867,1.122649895985414,0.00017472247842456457,0.00034348810108980734
110,Data/raw/phone/aegypti/IMG_20250521_110704_762.jpg,phone,aegypti,49,1,1.5665048791907736,706739.0,3410.7695526217003,0.7634211134380806,1035.320705551793,909.8730167879394,1.137873842227691,0.004115330548627855,0.0013468249889981659
111,Data/raw/phone/aegypti/IMG_20250521_110710_682.jpg,phone,aegypti,50,0,-0.013458526528792933,810422.0,5849.106781186548,0.2976747422336193,1120.0712590658443,1023.6849522377591,1.0941562212254718,0.000962524824423795,0.002733732753709602
112,Data/raw/phone/aegypti/IMG_20250521_110710_682.jpg,phone,aegypti,50,1,-1.570598790443822,711879.0,3383.313708498985,0.7815045464199489,1049.5282364786244,904.2997751246797,1.1605976970788492,7.748951141301719e-05,6.196129484481119e-05
113,Data/raw/phone/aegypti/IMG_20250521_110714_693.jpg,phone,aegypti,51,0,1.5707963267948966,707832.0,3370.0,0.7832136625930564,1043.8486480328459,904.1297841939876,1.1545340793782328,0.0,0.0
114,Data/raw/phone/aegypti/IMG_20250521_110714_693.jpg,phone,aegypti,51,1,-0.036781283156249726,869258.0,7110.098771959834,0.21607637858886103,1287.9681947992533,1034.2197313239906,1.2453525646338406,0.0020803639958075007,0.004337678515329348
115,Data/raw/phone/aegypti/IMG_20250521_110716_603.jpg,phone,aegypti,52,0,1.5707963267948966,772398.0,3558.0,0.7667241047646466,1193.9597983181845,862.560529277028,1.3842040735609886,0.0,0.0
116,Data/raw/phone/aegypti/IMG_20250521_110716_603.jpg,phone,aegypti,52,1,-0.18472122775581298,947668.0,7462.441917710342,0.2138474875571191,1358.2717479400583,1147.4831401085612,1.1836964748881231,0.0021629591420159076,0.00382643107279529
117,Data/raw/phone/aegypti/IMG_20250521_110719_354.jpg,phone,aegypti,53,0,1.5707963267948966,820105.0,3720.0,0.7447207316372578,1324.4410141640888,825.610077457876,1.6041967634917393,0.0,0.0
118,Data/raw/phone/aegypti/IMG_20250521_110719_354.jpg,phone,aegypti,53,1,0.9195983423495414,101007.0,2467.810316630266,0.20841922922975467,552.8335066056987,395.97071549402443,1.3961474547832857,0.0025664601726193993,0.007629332875688822
119,Data/raw/phone/aegypti/IMG_20250521_110719_354.jpg,phone,aegypti,53,2,-1.5705158913789736,822123.0,3735.5979797464465,0.7403317903002813,1324.4564393883766,827.6429808248567,1.6002750824617384,0.0013629398744699074,0.0012219671558700456
120,Data/raw/phone/aegypti/IMG_20250521_110723_031.jpg,phone,aegypti,54,0,1.5707963267948966,665735.0,3260.0,0.7871836295071704,954.9366471133046,929.5332161897175,1.0273292341587525,0.0,0.0
121,Data/raw/phone/aegypti/IMG_20250521_110723_031.jpg,phone,aegypti,54,1,0.7881127806699777,56671.0,1941.7199128346442,0.18888504384050292,378.8972542520975,338.0650760904405,1.1207820063339917,0.004438617550741243,0.011573591673327025
122,Data/raw/phone/aegypti/IMG_20250521_110723_031.jpg,phone,aegypti,54,2,-0.5575063920019864,687818.0,3922.3919189857866,0.5617996056679052,1002.1596119071114,935.8010950483053,1.070910920290578,0.0029192625305974576,0.0016218971133345336
123,Data/raw/phone/aegypti/IMG_20250521_110726_017.jpg,phone,aegypti,55,0,1.5227875957969244,738020.0,3774.693434175952,0.6509005279245114,1075.6841086417392,915.1792584943643,1.175380777763074,0.00027248954534851325,0.0008675624455525861
124,Data/raw/phone/aegypti/IMG_20250521_110726_017.jpg,phone,aegypti,55,1,-1.413797413459199,47088.0,1631.7544007200504,0.22223401038596077,516.9161063165385,177.7384747248569,2.9082960631722314,0.004602370555676901,0.01293032193055388
125,Data/raw/phone/aegypti/IMG_20250521_110726_017.jpg,phone,aegypti,55,2,1.483325640069266,735735.0,3798.735064736294,0.6406978540684275,1081.1878281600784,912.9254869970547,1.1843111442933858,0.00016183431950252312,0.0003053450539949343
126,Data/raw/phone/aegypti/IMG_20250521_110734_318.jpg,phone,aegypti,56,0,1.5707963267948966,712272.0,3382.0,0.7825435743611199,1053.0862579421814,901.8203812289895,1.1677339300172487,0.0,0.0
127,Data/raw/phone/aegypti/IMG_20250521_110734_318.jpg,phone,aegypti,56,1,1.5707963267948966,714096.0,3386.0,0.7826949952910083,1053.0862579421814,904.1297841939876,1.1647512075724675,0.0014325189175315798,0.0013476247974360197
128,Data/raw/phone/aegypti/IMG_20250521_110737_777.jpg,phone,aegypti,57,0,-1.1497629034842893,745293.0,4631.80317395533,0.4365527358534729,1047.0356209090078,962.8058581096287,1.0874836417850173,0.0012581920988576128,0.0020360569364136216
129,Data/raw/phone/aegypti/IMG_20250521_110737_777.jpg,phone,aegypti,57,1,-1.5626706795821512,711138.0,3434.6690475583123,0.7575197449541573,1044.4099153561194,908.446643613377,1.1496656657808146,0.001396959103430024,0.0009677421434810638
130,Data/raw/phone/aegypti/IMG_20250521_110742_107.jpg,phone,aegypti,58,0,-1.567265719135255,712175.0,3439.053823869163,0.7566911287245505,1046.4450626903692,905.9513594429642,1.1550786383650766,0.0002629588027596839,0.0003709722483351924
131,Data/raw/phone/aegypti/IMG_20250521_110742_107.jpg,phone,aegypti,58,1,-0.3654791564593356,821638.0,6083.626550446193,0.2789750008690502,1160.9620128945476,1034.7515592722325,1.1219717452864553,0.0010010379535343788,0.0037488034123677985
132,Data/raw/phone/aegypti/IMG_20250521_110750_988.jpg,phone,aegypti,59,0,-1.54562324499511,777074.0,3660.083261120685,0.7289375322604775,1198.7482310043633,868.4804715973133,1.3802823093991048,0.00013889236773174634,0.00028306293608526203
133,Data/raw/phone/aegypti/IMG_20250521_110750_988.jpg,phone,aegypti,59,1,-0.7047483546206369,34945.0,1122.4406922210658,0.3485524204667272,266.6291539544027,208.9095054040072,1.2762901977043708,0.005970568486150994,0.01638086913809928
134,Data/raw/phone/aegypti/IMG_20250521_110750_988.jpg,phone,aegypti,59,2,-1.5685813367944397,773467.0,3584.284271247462,0.7565658956701553,1193.5446476514076,863.8139922894233,1.3817148811031381,9.226789363002591e-05,0.00013230940899223846
135,Data/raw/phone/aegypti/IMG_20250521_110752_868.jpg,phone,aegypti,60,0,-1.4776126901993363,689705.0,3494.568542494924,0.7097184773563484,1000.9339091836947,923.1142406565502,1.084301232826607,0.00014363232061511005,0.00026821434260232316
136,Data/raw/phone/aegypti/IMG_20250521_110752_868.jpg,phone,aegypti,60,1,1.569708336595827,687737.0,3320.142135623731,0.784005124345677,996.457498896553,920.1969591805415,1.082874148795192,0.0007773900487499082,0.0009121672208792833
137,Data/raw/phone/aegypti/IMG_20250521_110757_459.jpg,phone,aegypti,61,0,1.5088176820924517,723799.0,3514.8111831820434,0.7362475179469731,1064.444880500884,908.8169895759089,1.1712422772791664,0.00019975816528970032,0.00041906715250517284
138,Data/raw/phone/aegypti/IMG_20250521_110757_459.jpg,phone,aegypti,61,1,1.0472618506829026,96075.0,3083.4915574973975,0.12697982663540097,746.2646255470661,320.421606267672,2.329008440597029,0.003904557313496136,0.011448937695949638
139,Data/raw/phone/aegypti/IMG_20250521_110757_459.jpg,phone,aegypti,61,2,1.5691760807515116,718138.0,3407.941125496954,0.7770225184605905,1062.414095997627,901.3426632929645,1.1787016628239968,0.0010505924003163729,0.0009596487165195089
140,Data/raw/phone/aegypti/IMG_20250521_110759_565.jpg,phone,aegypti,62,0,1.570601305779248,705827.0,3368.9705627484773,0.7814724984613097,1040.2659821136408,904.5731009800946,1.1500076455805777,7.447272435810589e-05,0.00011388764210951201
141,Data/raw/phone/aegypti/IMG_20250521_110759_565.jpg,phone,aegypti,62,1,-1.5081536572608778,59521.0,1549.5117600329313,0.31152315298405037,547.494093811146,155.10524626282202,3.529823181373444,0.004832344940512094,0.014577466898015859
142,Data/raw/phone/aegypti/IMG_20250521_110759_565.jpg,phone,aegypti,62,2,-1.5094375256088761,713666.0,3839.137084989847,0.6084678431625556,1040.169790828923,917.3052959883059,1.1339406797038523,0.0005177148035471156,0.0007016611108519895
143,Data/raw/phone/aegypti/IMG_20250521_110801_833.jpg,phone,aegypti,63,0,-1.529291727512702,719778.0,3494.6101730552664,0.7406464723510952,1058.6445796912014,907.3278016567309,1.166771896285085,0.00023298303239072644,0.0003931590148580097
144,Data/raw/phone/aegypti/IMG_20250521_110801_833.jpg,phone,aegypti,63,1,-1.536802149383023,51125.0,1237.1858582251266,0.41973316953079876,378.62655403989146,180.3853951784236,2.098986748153212,0.006364275765588933,0.021230147164466747
145,Data/raw/phone/aegypti/IMG_20250521_110801_833.jpg,phone,aegypti,63,2,-1.5099150047124419,721382.0,3564.225396744416,0.7135835744689717,1063.3087212277478,909.4470855838929,1.1691815148817273,8.16958929061883e-05,0.0001884844244505202
146,Data/raw/phone/aegypti/IMG_20250521_110806_429.jpg,phone,aegypti,64,0,-1.3371555790651426,777021.0,3855.7371567773475,0.6567918862600838,1023.3127329375415,1001.1398613246582,1.0221476263901281,0.000712022093666555,0.002597477424304011
147,Data/raw/phone/aegypti/IMG_20250521_110806_429.jpg,phone,aegypti,64,1,1.4907433662476766,729477.0,3780.558441227157,0.6413713491376383,1042.4964039420104,933.1689048250719,1.1171572461873154,0.0007641344665382312,0.0013608844492528276
148,Data/raw/phone/aegypti/IMG_20250521_110807_559.jpg,phone,aegypti,65,0,-1.551698297569347,725337.0,3464.083261120685,0.7595791792011417,1078.4434483803764,897.9021420295269,1.2010701365994876,0.00019381812274604942,0.0002607583676036405
149,Data/raw/phone/aegypti/IMG_20250521_110807_559.jpg,phone,aegypti,65,1,0.23082558947780163,845435.0,6087.055049358439,0.2867316463785727,1234.567191324317,1026.8993427259484,1.2022280470519198,0.0031093076515682026,0.004610436626031249
150,Data/raw/phone/aegypti/IMG_20250521_110811_144.jpg,phone,aegypti,66,0,-1.5496426749556373,851629.0,4886.080302527855,0.4482694117123079,1239.071415321281,995.5992977724611,1.2445483018053154,0.000366168132649576,0.0015132380387445782
151,Data/raw/phone/aegypti/IMG_20250521_110811_144.jpg,phone,aegypti,66,1,-0.04653383449557573,44691.0,1097.445742854949,0.46629828718939514,324.18336605254365,194.34597041046686,1.6680735153286417,0.002712564699387992,0.012490148859160053
152,Data/raw/phone/aegypti/IMG_20250521_110811_144.jpg,phone,aegypti,66,2,-1.5272770579900965,777049.0,3866.651803615609,0.65311271625143,1192.3432551953017,878.1060272571092,1.3578579558550097,0.003788693258887629,0.0013826652273234508
153,Data/raw/phone/aegypti/IMG_20250521_110814_691.jpg,phone,aegypti,67,0,1.5258284464885314,703492.0,3634.132034355964,0.6693721255677032,1008.2771887284919,928.5989371239099,1.085804805949234,0.0003022149304407261,0.00046775315792420356
154,Data/raw/phone/aegypti/IMG_20250521_110814_691.jpg,phone,aegypti,67,1,1.4727905166638033,703109.0,3760.19090885901,0.6249031745759326,1012.5101481141086,931.1138756344778,1.0874181715143767,0.002721233748184531,0.0014665515017324555
155,Data/raw/phone/aegypti/IMG_20250521_110817_899.jpg,phone,aegypti,68,0,1.5698318211422428,721631.0,3409.6568542494924,0.7800163343388324,1075.10062138974,895.0243707721053,1.2011970360787934,1.9172590087299863e-05,3.380356522614185e-05
156,Data/raw/phone/aegypti/IMG_20250521_110817_899.jpg,phone,aegypti,68,1,1.5031012527717853,731549.0,3704.40916292849,0.6699083414086284,1076.9262740614336,909.6829188241612,1.183847966996509,0.0004840298814938116,0.0007261682736380289
157,Data/raw/phone/aegypti/IMG_20250521_110819_894.jpg,phone,aegypti,69,0,1.5692682350717304,714394.0,3436.852813742386,0.7600213553553299,1046.5269100702387,908.1319236467339,1.152395244369078,0.0002467941422707821,0.00030664243776496944
158,Data/raw/phone/aegypti/IMG_20250521_110819_894.jpg,phone,aegypti,69,1,-0.20377534232204064,765190.0,4988.489465456344,0.3864034816442913,1073.0424521787868,1016.3102324447494,1.055821753951613,0.0007932334982475545,0.00227833757292703
159,Data/raw/phone/aegypti/IMG_20250521_110821_178.jpg,phone,aegypti,70,0,-1.5707380815753305,763125.0,3531.656854249492,0.7688622637131677,1173.0933717285636,867.304139043112,1.3525743956702732,1.4507193900461168e-05,2.9414289681567948e-05
160,Data/raw/phone/aegypti/IMG_20250521_110821_178.jpg,phone,aegypti,70,1,1.4318884670592977,92216.0,3146.420489685532,0.11705301944829118,798.9888968498545,290.5182500454637,2.7502192950866924,0.003072706839145328,0.009628268886838293
161,Data/raw/phone/aegypti/IMG_20250521_110821_178.jpg,phone,aegypti,70,2,-1.5595403764147473,767414.0,3708.8700576850883,0.701061868689321,1173.9000817492777,872.8378000530307,1.344923514630044,0.00010393913666265956,0.00017577397869068364
162,Data/raw/phone/aegypti/IMG_20250521_110823_352.jpg,phone,aegypti,71,0,0.6490584004358891,736131.0,4263.529003975634,0.5088930593283743,1024.920841960179,965.3235949324954,1.061738102477285,0.0004981448923316239,0.0017406072397391245
163,Data/raw/phone/aegypti/IMG_20250521_110823_352.jpg,phone,aegypti,71,1,-0.9382307878756596,737047.0,4341.251875403109,0.49144517890758066,1027.991690669742,964.6495695310355,1.065663348784264,0.0007876272010345303,0.002509018963624837
164,Data/raw/phone/aegypti/IMG_20250521_110827_900.jpg,phone,aegypti,72,0,-1.5219881770989097,745548.0,3746.953318805774,0.6673119598661678,1118.753336230677,894.1028814741904,1.2512579473920098,0.00016009173753695304,0.0003383989813901136
165,Data/raw/phone/aegypti/IMG_20250521_110827_900.jpg,phone,aegypti,72,1,0.9082541700574371,820540.0,4900.264068711928,0.42940851558089776,1168.6965589760734,991.0305245112435,1.179274028468953,0.0004355224736965181,0.0018041629455770886
166,Data/raw/phone/aegypti/IMG_20250521_110829_375.jpg,phone,aegypti,73,0,-1.530419658847547,757596.0,3643.497474683058,0.7171509718851549,1151.1979923442816,884.0669500318373,1.3021615527000803,4.9495740660051966e-05,0.00013732614766301463
167,Data/raw/phone/aegypti/IMG_20250521_110829_375.jpg,phone,aegypti,73,1,1.0848489032248319,826005.0,4659.050865276332,0.4781868582355715,1197.3239217835219,971.6084831031761,1.2323111032948617,0.0015140938685801516,0.0022228435891545138
168,Data/raw/phone/aegypti/IMG_20250521_110834_109.jpg,phone,aegypti,74,0,-0.0015967611947520022,1564093.0,8607.962553521762,0.2652599590773043,2700.539573523093,1147.4936855754922,2.35342434339298,0.00025846903395952426,0.0007424477695277291
169,Data/raw/phone/aegypti/IMG_20250521_110834_109.jpg,phone,aegypti,74,1,-1.5518438610155623,140712.0,2924.5626253092632,0.20673744693602156,791.4365775840749,321.73645030014626,2.4598909350984255,0.0025827787145574683,0.011166182438577345
170,Data/raw/phone/aegypti/IMG_20250521_110837_319.jpg,phone,aegypti,75,0,1.4833647200090627e-05,615942.0,5364.651803615609,0.2689469384231422,2492.7144874642645,368.52294764329486,6.764068569963363,0.0008869592804464805,0.0007599569955284369
171,Data/raw/phone/aegypti/IMG_20250521_110839_943.jpg,phone,aegypti,76,0,1.5416409717062828e-05,699712.0,5536.024386617639,0.2869017498051153,2503.766967655718,428.96847877036333,5.836715496748752,0.00023303968946068488,0.0007083375932348656
172,Data/raw/phone/aegypti/IMG_20250521_110844_115.jpg,phone,aegypti,77,0,6.315300333392196e-05,821647.0,6336.825468531916,0.2571293466867903,2491.4532100356814,487.95511218707475,5.105906563553934,0.001321859421895734,0.002262872095333162
173,Data/raw/phone/aegypti/IMG_20250521_110848_161.jpg,phone,aegypti,78,0,0.0002555692414869183,440803.0,2835.3553390593274,0.6890320398070093,1045.6436675651055,561.0710118734078,1.8636565522672732,0.0002521955197856048,0.0003926607877949369
174,Data/raw/phone/aegypti/IMG_20250521_110848_161.jpg,phone,aegypti,78,1,0.0,438787.0,2772.0,0.7175912993523695,1040.384544291196,562.3379766652791,1.8501054302979523,0.0,0.0
175,Data/raw/phone/aegypti/IMG_20250521_110851_059.jpg,phone,aegypti,79,0,-0.012970548445579436,497797.0,2991.254833995939,0.6991257722937697,1024.0829631398817,648.3653898821995,1.5794843141240864,0.00031625211412648755,0.0005707555676281288
176,Data/raw/phone/aegypti/IMG_20250521_110851_059.jpg,phone,aegypti,79,1,-0.039280942749563945,571775.0,4734.229580826523,0.32057997979353825,1221.4663962288585,656.4457760739081,1.8607270253671884,0.0020779054730093293,0.005016256503339891
177,Data/raw/phone/aegypti/IMG_20250521_110854_723.jpg,phone,aegypti,80,0,0.0003789719212847776,1162952.0,6927.327993848858,0.3045370608068419,2588.09258808056,769.3333792119698,3.3640716209812056,0.0007983709963127343,0.0007749523265601799
178,Data/raw/phone/aegypti/IMG_20250521_110858_795.jpg,phone,aegypti,81,0,-0.09664676729025407,643164.0,3519.563491861041,0.6524601374276147,969.5161818605403,884.0313867817384,1.096698823545173,0.0005181721234874257,0.000896736502780034
179,Data/raw/phone/aegypti/IMG_20250521_110858_795.jpg,phone,aegypti,81,1,-0.19379763606627537,642919.0,3408.4091629284894,0.6954448193354043,973.0922991545407,888.5661308271725,1.095126480061402,0.001039770917612754,0.000823982436462489
180,Data/raw/phone/aegypti/IMG_20250521_110902_293.jpg,phone,aegypti,82,0,-0.8843440037446295,762684.0,4026.2224381515857,0.591233413190481,1074.0251944412435,972.6622720442124,1.104211837253644,0.0005926465475895735,0.0015931802495964707
181,Data/raw/phone/aegypti/IMG_20250521_110902_293.jpg,phone,aegypti,82,1,1.5685804991346983,700795.0,3357.313708498985,0.7812985369966442,1025.4624057866165,911.2718659562671,1.1253089710067155,0.00011296762026945284,0.00010779994165870997
182,Data/raw/phone/aegypti/IMG_20250521_110907_335.jpg,phone,aegypti,83,0,-1.5679240438303141,732275.0,3753.906637611548,0.6530059479889756,1037.3117667222368,941.455966607532,1.1018165517184135,0.00039134124059695953,0.0007303875993189897
183,Data/raw/phone/aegypti/IMG_20250521_110907_335.jpg,phone,aegypti,83,1,1.4632014966828037,722324.0,3953.462986797652,0.5807464378735138,1060.5102769891366,920.6445289771008,1.1519215545303205,0.001405511457709275,0.0008910851692775596
184,Data/raw/phone/aegypti/IMG_20250521_110911_333.jpg,phone,aegypti,84,0,1.5117934145281093,721244.0,3618.083261120685,0.6923647737302686,1068.4023791171173,906.4420428455774,1.1786769904925203,0.00018191489574150696,0.00024680851102595045
185,Data/raw/phone/aegypti/IMG_20250521_110911_333.jpg,phone,aegypti,84,1,0.21164514030554904,797357.0,4673.737156777347,0.45870566722203704,1143.0633625751111,1006.6258027044224,1.135539501872625,0.0011815268001306005,0.0016239931484700973
186,Data/raw/phone/aegypti/IMG_20250521_110911_333.jpg,phone,aegypti,84,2,-1.1974125871196453,31168.0,837.8721497261419,0.5579088995664194,295.72662394228286,140.21229577710278,2.109134739598039,0.005248684601155277,0.011269566398326929
187,Data/raw/phone/aegypti/IMG_20250521_110915_208.jpg,phone,aegypti,85,0,-7.974145689942647e-06,139886.0,2274.828427124746,0.3396931758916791,1153.7602289455076,161.63989559179413,7.137843195959598,2.751008109143736e-05,6.12071858352593e-05
188,Data/raw/phone/aegypti/IMG_20250521_110915_208.jpg,phone,aegypti,85,1,-0.0014061768687946606,140341.0,2370.0,0.31397693004856425,1158.2919646567627,162.05235250838712,7.147640541638015,0.00010383343752711247,0.00025144599562045776
189,Data/raw/phone/aegypti/IMG_20250521_110917_615.jpg,phone,aegypti,86,0,-0.00015667743307242832,160985.0,2322.9705627484773,0.37489345914752464,1147.557581341635,186.82368132915758,6.1424631672887156,0.00021748782540171682,0.00020822118571076613
190,Data/raw/phone/aegypti/IMG_20250521_110917_615.jpg,phone,aegypti,86,1,0.0006035150020910887,162162.0,2444.38477631085,0.34105138342701385,1156.7693710876995,186.40935293255095,6.2055328924737845,0.0004731706718524316,0.0006803663240570077
191,Data/raw/phone/aegypti/IMG_20250521_110921_562.jpg,phone,aegypti,87,0,2.5362245270945853e-06,370173.0,4930.911688245432,0.1913199037523347,2448.1625262501134,213.7859488968827,11.451466005518247,0.0006785511858576786,0.0007703361810572973
192,Data/raw/phone/aegypti/IMG_20250521_110924_833.jpg,phone,aegypti,88,0,-3.588735994199547e-05,424747.0,5350.40916292849,0.1864516340217991,2445.7051705571143,246.53211712739247,9.920432270872546,0.0011376052093803445,0.0015372478033167998
193,Data/raw/phone/aegypti/IMG_20250521_110928_341.jpg,phone,aegypti,89,0,-1.8003938822525217e-05,484593.0,5058.183766184074,0.23801141901916756,2460.5960778475646,285.82928392140053,8.608621356390472,0.0003480093180087608,0.0009483738643913274
194,Data/raw/phone/aegypti/IMG_20250521_110931_682.jpg,phone,aegypti,90,0,0.004288689234655844,284087.0,2858.1248916810277,0.43701749175052723,1155.2872914370832,325.495757215409,3.5493159767134186,0.0007705218794957095,0.0022445961714138603
195,Data/raw/phone/aegypti/IMG_20250521_110931_682.jpg,phone,aegypti,90,1,-0.0009152697743211711,275377.0,2562.7106781186544,0.5269123421454357,1116.756109045168,327.782289283247,3.4070056423339694,0.000877036885333876,0.0007995296032347438
196,Data/raw/phone/aegypti/IMG_20250521_110935_154.jpg,phone,aegypti,91,0,7.5247483281804774e-06,630491.0,5414.55129855222,0.2702488224426449,2486.682064388618,374.18448748498173,6.645604367787757,0.001252110123986124,0.0011792273326861836
197,Data/raw/phone/aegypti/IMG_20250521_110937_985.jpg,phone,aegypti,92,0,0.0,348942.0,2610.0,0.6436979044517429,1077.3349834970861,431.8564576337837,2.4946598909276267,0.0,0.0
198,Data/raw/phone/aegypti/IMG_20250521_110937_985.jpg,phone,aegypti,92,1,-0.0019664017829209833,354811.0,2964.568542494924,0.5073222941646454,1100.5758355640555,428.45733298588095,2.5686941285243985,0.0003606959568801872,0.0008018305268211785
199,Data/raw/phone/albopictus/IMG_20250521_110101_205.jpg,phone,albopictus,93,0,0.0,392476.0,2686.0,0.6836140060013383,1058.8597640858775,494.2104814752516,2.1425279385518285,0.0,0.0
200,Data/raw/phone/albopictus/IMG_20250521_110101_205.jpg,phone,albopictus,93,1,2.866821612338732e-05,393306.0,2693.313708498985,0.6813441832343297,1061.0993067409036,494.22236204217336,2.1470078819508314,0.0010824170462750474,0.0010413854589250864
201,Data/raw/phone/albopictus/IMG_20250521_110104_728.jpg,phone,albopictus,94,0,-0.0029093941998666307,446894.0,2857.2548339959394,0.6878859444244134,1045.3334720244939,568.8691307743063,1.8375640643422793,0.0003243593451005994,0.0006593494213951879
202,Data/raw/phone/albopictus/IMG_20250521_110104_728.jpg,phone,albopictus,94,1,0.028719129804232815,480172.0,3615.0020920410534,0.4617315914544481,1133.9117792330173,567.3339071154857,1.9986673897179918,0.0015438503534563504,0.0036821469592845787
203,Data/raw/phone/albopictus/IMG_20250521_110106_611.jpg,phone,albopictus,95,0,0.0,497259.0,2884.0,0.7512803055796902,1012.6717138342515,654.7141870058008,1.546738613478799,0.0,0.0
204,Data/raw/phone/albopictus/IMG_20250521_110106_611.jpg,phone,albopictus,95,1,-1.5201118928980102,36322.0,1092.700576850888,0.38227621156744285,416.9312542316623,117.91659366033905,3.5358149458814983,0.009120081596841766,0.029355557069089745
205,Data/raw/phone/albopictus/IMG_20250521_110106_611.jpg,phone,albopictus,95,2,0.0,498393.0,2888.0,0.7509091912472748,1014.9811164089048,654.7141870058008,1.5502659581132798,0.0,0.0
206,Data/raw/phone/albopictus/IMG_20250521_110109_318.jpg,phone,albopictus,96,0,0.00048215127341793125,1153287.0,6847.144227664785,0.3091208570548258,2594.755461393305,763.0862503299658,3.4003436181313815,0.001124688409142203,0.0010043769976383287
207,Data/raw/phone/albopictus/IMG_20250521_110117_355.jpg,phone,albopictus,97,0,0.0,627949.0,3168.0,0.7862558528901137,950.3178415667045,881.0357540985497,1.0786370895231627,0.0,0.0
208,Data/raw/phone/albopictus/IMG_20250521_110117_355.jpg,phone,albopictus,97,1,-0.3509993365794067,654330.0,3968.8183258569798,0.5220165327791974,1042.9512504123513,877.9730228065124,1.1879080829596251,0.0024982693836506204,0.001756457779416403
209,Data/raw/phone/albopictus/IMG_20250521_110117_355.jpg,phone,albopictus,97,2,-1.5495196939415252,48518.0,1349.813275223096,0.33463037805951534,521.7044837071378,137.4926940780698,3.7944160393781248,0.007022663174906006,0.028326341361891334
210,Data/raw/phone/albopictus/IMG_20250521_110122_157.jpg,phone,albopictus,98,0,0.0,136863.0,2268.0,0.3343565373529575,1153.5452599125301,158.18975946628152,7.292161413004808,0.0,0.0
211,Data/raw/phone/albopictus/IMG_20250521_110122_157.jpg,phone,albopictus,98,1,9.0044045028866e-05,137094.0,2271.414213562373,0.3339147733311955,1155.4929876186854,158.17704054386977,7.305061364441284,0.0004365257358575375,0.0005212624271369097
212,Data/raw/phone/albopictus/IMG_20250521_110126_295.jpg,phone,albopictus,99,0,-2.435037029700837e-05,157251.0,2317.8994949366115,0.36780199302417915,1149.3011007322903,182.2395163615114,6.306541652867447,0.00030342616169475235,0.0004392319131441256
213,Data/raw/phone/albopictus/IMG_20250521_110126_295.jpg,phone,albopictus,99,1,0.00025137687800234676,159394.0,2496.870057685089,0.32128463072511526,1167.517259028899,181.30254293658035,6.43960774139443,0.0026573277033025144,0.002042979805658424
214,Data/raw/phone/albopictus/IMG_20250521_110132_926.jpg,phone,albopictus,100,0,-3.389479540611365e-06,366853.0,4705.941125496955,0.20816559867284024,2426.0042241493343,208.90899433933637,11.612732289585923,0.0013016291698046986,0.002324397112706487
215,Data/raw/phone/albopictus/IMG_20250521_110136_367.jpg,phone,albopictus,101,0,0.00042680676008617207,209161.0,2432.3675323681473,0.4442548502976891,1162.007994118396,238.54318476473856,4.871268886865989,0.00047222327739653724,0.0013896457637860007
216,Data/raw/phone/albopictus/IMG_20250521_110136_367.jpg,phone,albopictus,101,1,0.0,204048.0,2374.0,0.4549679217780449,1132.7606396175083,240.17493624439666,4.716398210947525,0.0006125566486128993,0.0007493155800925374
217,Data/raw/phone/albopictus/IMG_20250521_110139_490.jpg,phone,albopictus,102,0,-0.00036286518224986866,232700.0,2425.8994949366115,0.4968904377226459,1119.5873198123604,277.20848434971106,4.038791678540222,3.319000668852932e-05,3.7815237251491324e-05
218,Data/raw/phone/albopictus/IMG_20250521_110139_490.jpg,phone,albopictus,102,1,-0.010660535399751274,245155.0,2748.40916292849,0.40783814585792244,1184.9933927604832,275.30541482057674,4.30428654493691,0.0010468017793087649,0.0033686738514144515
219,Data/raw/phone/albopictus/IMG_20250521_110143_072.jpg,phone,albopictus,103,0,-0.0001332095821898457,563430.0,4914.953318805773,0.29309677290025105,2412.8975286784844,316.9337539671782,7.613255131317964,0.0009242531779449087,0.0036517102170606467
220,Data/raw/phone/albopictus/IMG_20250521_110146_338.jpg,phone,albopictus,104,0,-0.007958321330003367,304946.0,2612.610173055267,0.5614144388217468,1115.040806234678,364.83293819235763,3.0563052002908093,0.0007841722110548453,0.0014822489427475257
221,Data/raw/phone/albopictus/IMG_20250521_110146_338.jpg,phone,albopictus,104,1,0.007242068687907978,314300.0,2992.7766952966367,0.44096652104881073,1155.0443191716872,368.85689401563644,3.1314158360904134,0.000770875877496304,0.002313403786030928
222,Data/raw/phone/albopictus/IMG_20250521_110151_281.jpg,phone,albopictus,105,0,0.011539823639498747,346336.0,2774.526911934581,0.565365909027502,1089.0326568991054,427.42567341681735,2.5478877957737964,0.00021264814840736882,0.00033424406866347647
223,Data/raw/phone/albopictus/IMG_20250521_110151_281.jpg,phone,albopictus,105,1,0.016943921552114327,364693.0,3644.0731598529187,0.3451144284663485,1167.9234103837127,420.1628399077996,2.779692298919156,0.0015441063260500448,0.0034399823656489983
224,Data/raw/phone/albopictus/IMG_20250521_110156_922.jpg,phone,albopictus,106,0,-0.00014259722064491716,386013.0,2676.8284271247458,0.676972026728193,1061.2604623815325,485.0095242049739,2.188122932474671,2.138662663022087e-05,2.663948669104721e-05
225,Data/raw/phone/albopictus/IMG_20250521_110156_922.jpg,phone,albopictus,106,1,-0.010114869315355143,407995.0,3473.7056274847714,0.4248921235392214,1136.8778421239447,477.50265949757244,2.3808827438158477,0.0032544325250554508,0.00270525068671098
226,Data/raw/phone/albopictus/IMG_20250521_110204_204.jpg,phone,albopictus,107,0,0.002153434857398173,431616.0,2774.1837661840736,0.7047530232401494,1044.9017994508201,550.6578608808887,1.8975517715833352,0.0003945029480228543,0.00031361654879287043
227,Data/raw/phone/albopictus/IMG_20250521_110204_204.jpg,phone,albopictus,107,1,-0.015408367875974459,439669.0,3151.9238815542512,0.5561401735365786,1074.8129288069522,547.9255606778876,1.9616039220313162,0.002488873284093994,0.001670895659497783
228,Data/raw/phone/albopictus/IMG_20250521_110215_309.jpg,phone,albopictus,108,0,-0.003239587844922397,484478.0,2930.669047558312,0.7088435136202739,1023.0719163492267,631.1672882748019,1.620920373021288,0.00042745903166833835,0.00037342433751655384
229,Data/raw/phone/albopictus/IMG_20250521_110215_309.jpg,phone,albopictus,108,1,0.07448485727943967,529850.0,3660.617315730203,0.4968830056149837,1150.1010945919427,624.1429573686271,1.8426885716066452,0.0029658076610029937,0.004319516593648468
230,Data/raw/phone/albopictus/IMG_20250521_110218_354.jpg,phone,albopictus,109,0,-0.0016359178278111215,538801.0,3039.355339059327,0.7329516080377991,997.3722401341872,719.5541315593938,1.3860975795840618,0.0002490673549563401,0.00027097178680676314
231,Data/raw/phone/albopictus/IMG_20250521_110218_354.jpg,phone,albopictus,109,1,0.0143580489811956,590734.0,4306.76659402887,0.40022034331328243,1138.483252953252,704.3144696832715,1.6164416634308612,0.0009010697103580274,0.003541646755738481
232,Data/raw/phone/albopictus/IMG_20250521_110226_551.jpg,phone,albopictus,110,0,-4.2788395211500974e-05,1224130.0,7673.2346314604065,0.2612645277670425,2611.449136854293,800.0241825057939,3.2642127500131917,0.0013626346166038035,0.0011767082530495861
233,Data/raw/phone/albopictus/IMG_20250521_110229_335.jpg,phone,albopictus,111,0,0.15795097976149686,702703.0,4940.489465456345,0.36177763591891,1120.8440269286095,892.5193985007883,1.2558203539456398,0.0005787084485352157,0.001437793955688303
234,Data/raw/phone/albopictus/IMG_20250521_110229_335.jpg,phone,albopictus,111,1,-0.020712659391663536,650977.0,3244.38477631085,0.7771606427940158,939.6523809139377,923.4316920881363,1.017565661829433,8.049270340326463e-05,9.50339525955789e-05
235,Data/raw/phone/albopictus/IMG_20250521_110236_709.jpg,phone,albopictus,112,0,-1.5707676035175215,717201.0,3396.828427124746,0.7810944065156472,1065.76612254458,897.2392463476515,1.187828248578005,0.0,0.0
236,Data/raw/phone/albopictus/IMG_20250521_110236_709.jpg,phone,albopictus,112,1,-1.5609876918412262,78787.0,2092.798123321446,0.22605272861281764,672.0138987836021,248.98828770637678,2.6989779518307495,0.0036890805138300345,0.010730165274051193
237,Data/raw/phone/albopictus/IMG_20250521_110236_709.jpg,phone,albopictus,112,2,1.546885436043579,732539.0,3756.9360748630706,0.6521883012012598,1059.161333518758,920.6799881464427,1.1504120293209725,0.00031161607518059826,0.0007087925945052289
238,Data/raw/phone/albopictus/IMG_20250521_110238_318.jpg,phone,albopictus,113,0,1.4404359649739868,727284.0,3628.40916292849,0.6941948498204713,1074.646859586265,914.9404876888356,1.1745538360651764,9.22873624233759e-05,0.0002315396289478985
239,Data/raw/phone/albopictus/IMG_20250521_110238_318.jpg,phone,albopictus,113,1,1.50818792024163,80033.0,2134.697618258058,0.22070198004336428,613.6790570380228,275.1745029103468,2.2301450554013083,0.0061579656532617325,0.013011678051706058
240,Data/raw/phone/albopictus/IMG_20250521_110238_318.jpg,phone,albopictus,113,2,-1.4615053531280466,726447.0,3728.0243866176393,0.6568350347218529,1073.2343219199638,915.0913478349066,1.1728165985387373,0.0024066017884356063,0.001485214309997338
241,Data/raw/phone/albopictus/IMG_20250521_110243_868.jpg,phone,albopictus,114,0,-1.562757671508427,715373.0,3411.7989898732235,0.7722813306389777,1057.1513570842326,902.8039946274442,1.1709644212645316,0.0002046140108031842,0.00021156271932562718
242,Data/raw/phone/albopictus/IMG_20250521_110243_868.jpg,phone,albopictus,114,1,-1.4305767762395263,731486.0,3868.1909088590096,0.6143276783101403,1072.9271087214368,927.9607617485091,1.156220341364192,0.00026670269359369464,0.0005812455145312852
243,Data/raw/phone/albopictus/IMG_20250521_110248_551.jpg,phone,albopictus,115,0,1.526443403020193,747911.0,3880.825468531916,0.6240387542743175,1064.8430844914064,934.4958661970958,1.139483996675935,0.0009303133234288302,0.0015955761218202718
244,Data/raw/phone/albopictus/IMG_20250521_110248_551.jpg,phone,albopictus,115,1,-1.4619630822518062,732613.0,3657.5391052434006,0.6881871015387164,1079.0690819135425,913.8288351547254,1.180821878673635,0.0010879814565555388,0.0007739049300183714
245,Data/raw/phone/albopictus/IMG_20250521_110300_234.jpg,phone,albopictus,116,0,0.7336317895898655,803561.0,5689.658079738769,0.31192944902760805,1084.0453590878403,1014.552159640319,1.06849642848541,0.0012087825237181806,0.002996334527695943
246,Data/raw/phone/albopictus/IMG_20250521_110300_234.jpg,phone,albopictus,116,1,1.4752300768738278,730391.0,3729.1025971044414,0.6600192662733767,1048.4217470333354,927.2951213905556,1.1306235985164468,0.0008213817356523636,0.0014893246487464615
247,Data/raw/phone/albopictus/IMG_20250521_110302_845.jpg,phone,albopictus,117,0,1.5707963267948966,720279.0,3404.0,0.7811447425973599,1070.4067762615607,897.2015752698312,1.193050486942846,0.0,0.0
248,Data/raw/phone/albopictus/IMG_20250521_110302_845.jpg,phone,albopictus,117,1,1.5615139134027398,107312.0,2806.912913734707,0.17115921101120538,861.9968169635263,217.60461474477853,3.9612984217937415,0.005216064122980834,0.015613972093307126
249,Data/raw/phone/albopictus/IMG_20250521_110302_845.jpg,phone,albopictus,117,2,1.5706561511233375,722079.0,3414.6274169979697,0.778229935809158,1070.4033979121873,899.4440307686168,1.1900722683072094,0.000876269293710376,0.0009991847806383708
250,Data/raw/phone/albopictus/IMG_20250521_110310_022.jpg,phone,albopictus,118,0,-0.8522939081464174,744039.0,4597.17575695736,0.442408384201494,1021.588046627673,1006.6020983156961,1.014887658526693,0.0010828860766763395,0.0015570796960718996
251,Data/raw/phone/albopictus/IMG_20250521_110310_022.jpg,phone,albopictus,118,1,1.5687620762520509,707647.0,3371.8994949366115,0.7821270230401441,1038.2445637895585,908.9223495466172,1.142280816735829,0.0013047509275755291,0.000765662312371595
252,Data/raw/phone/albopictus/IMG_20250521_110312_949.jpg,phone,albopictus,119,0,-1.564657470588488,717686.0,3716.2081528017134,0.6530467537597415,1043.4683144128173,916.1153980737591,1.1390140550053331,0.00047123261418842427,0.0005612795063578568
253,Data/raw/phone/albopictus/IMG_20250521_110312_949.jpg,phone,albopictus,119,1,1.5666556738607997,712437.0,3417.01219330882,0.7667667521767244,1047.505749598776,906.1634790194453,1.1559787762935188,3.1724140074582945e-05,7.272607786893903e-05
254,Data/raw/phone/albopictus/IMG_20250521_110317_921.jpg,phone,albopictus,120,0,0.6675809559927496,808786.0,4552.1463197058365,0.4904684349937995,1059.9180637253824,1049.2909071741533,1.0101279411444144,0.0006705688043967179,0.002245653535873187
255,Data/raw/phone/albopictus/IMG_20250521_110317_921.jpg,phone,albopictus,120,1,-1.570436842109036,711273.0,3379.6568542494924,0.7825299570578563,1046.1327172339984,906.520030376384,1.1540094892328496,0.0020355999034108,0.0009016046006685126
256,Data/raw/phone/albopictus/IMG_20250521_110321_665.jpg,phone,albopictus,121,0,1.5702578854678002,709436.0,3376.828427124746,0.7818169763045918,1046.2106338869803,904.1785250906797,1.1570841430701488,5.7601854757825325e-06,1.0995933378265002e-05
257,Data/raw/phone/albopictus/IMG_20250521_110321_665.jpg,phone,albopictus,121,1,1.532464416936482,122116.0,2299.0407640085655,0.2903281125532864,899.815885847255,212.23403566823515,4.239734136016947,0.004234275634660879,0.01605753177541436
258,Data/raw/phone/albopictus/IMG_20250521_110321_665.jpg,phone,albopictus,121,2,1.5702122470609983,711100.0,3387.941125496954,0.7785183136738643,1046.1506723170958,906.299721789453,1.154309823963658,0.0010464867809345103,0.0010723458163859154
259,Data/raw/phone/albopictus/IMG_20250521_110326_151.jpg,phone,albopictus,122,0,-1.5606397597102857,711766.0,3394.911688245431,0.7760507798017364,1045.0672195525592,907.2710876835307,1.1518797785354908,0.0001973861581983898,0.0003686050192637006
260,Data/raw/phone/albopictus/IMG_20250521_110326_151.jpg,phone,albopictus,122,1,-1.4420124766371267,731127.0,3653.1198410471443,0.6884538728171311,1057.8930080484208,933.6635014825757,1.133055973986966,0.0007898434081100819,0.0009106849221046058
261,Data/raw/phone/albopictus/IMG_20250521_110329_460.jpg,phone,albopictus,123,0,-0.8004905152711682,798359.0,5169.9352083112935,0.37535126925679235,1116.7305949263628,998.462924027056,1.1184497371442728,0.001693347568666701,0.003266506031208959
262,Data/raw/phone/albopictus/IMG_20250521_110329_460.jpg,phone,albopictus,123,1,-1.5707533512508245,724935.0,3416.828427124746,0.7803017641586659,1077.334002335089,897.1941776331681,1.2007813126664917,0.0008057430982688855,0.0009396802054931464
263,Data/raw/phone/albopictus/IMG_20250521_110333_246.jpg,phone,albopictus,124,0,-1.136910105987757,732210.0,3823.060966544099,0.6295396268656981,1062.930847237628,945.7518572792908,1.1239003540478727,0.0005252642201403007,0.0012733755745907695
264,Data/raw/phone/albopictus/IMG_20250521_110333_246.jpg,phone,albopictus,124,1,1.1763354048387031,744813.0,4044.3990616607234,0.5722016559851538,1066.9867283990593,957.1346411691541,1.1147718225888463,0.0014551773705971192,0.0013417569691187982
265,Data/raw/phone/albopictus/IMG_20250521_110347_738.jpg,phone,albopictus,125,0,-0.4921298521106481,855955.0,5754.52099474892,0.32481975873644203,1223.322900443924,1015.0253188141444,1.205214173251495,0.0006708536599801412,0.0031301066645456396
266,Data/raw/phone/albopictus/IMG_20250521_110347_738.jpg,phone,albopictus,125,1,1.5596910259062022,738332.0,3506.9116882454314,0.7544177475004322,1104.529205564838,891.1139221151006,1.2394927047522568,0.00019989019411949398,0.00034639300576112705
267,Data/raw/phone/albopictus/IMG_20250521_110350_985.jpg,phone,albopictus,126,0,-0.0005991057106181993,1505203.0,8666.195092941116,0.2518535147286615,2640.9122299610467,1029.453727702962,2.565353020629456,0.001161839573617802,0.002158130885501668
268,Data/raw/phone/albopictus/IMG_20250521_110355_028.jpg,phone,albopictus,127,0,-1.5088425057783037,850041.0,5871.907863100823,0.30980703315978764,1150.4282123829005,1034.7848139559171,1.1117559872036447,0.000792988546752074,0.0019916824522000142
269,Data/raw/phone/albopictus/IMG_20250521_110355_028.jpg,phone,albopictus,127,1,1.5253943476498613,791279.0,3949.1198410471443,0.6375861547198542,1177.718214443967,895.8028756779431,1.3147068919070735,0.000298887438605512,0.0012031045724279306
270,Data/raw/phone/albopictus/IMG_20250521_110358_615.jpg,phone,albopictus,128,0,0.42634893046920147,806148.0,4801.837661840736,0.439349056180003,1098.8966339968065,987.0834343070578,1.113276340989597,0.0007065894977780101,0.0031028881797989854
271,Data/raw/phone/albopictus/IMG_20250521_110358_615.jpg,phone,albopictus,128,1,-1.523529022750029,707366.0,3431.01219330882,0.7551087841119299,1037.041076840678,912.8327852621684,1.1360690518393646,4.967977116835288e-05,0.00015461051663675666
272,Data/raw/phone/albopictus/IMG_20250521_110402_280.jpg,phone,albopictus,129,0,1.5310016044342767,721571.0,3657.078210486802,0.6779855503411931,1048.011474781884,916.1523815559682,1.1439270320969641,0.00025536453128306073,0.00043140494733911273
273,Data/raw/phone/albopictus/IMG_20250521_110402_280.jpg,phone,albopictus,129,1,1.570252755809898,714028.0,3390.38477631085,0.7805974497090027,1053.0517530252273,904.0440809786813,1.164823458481401,0.0006231555480768441,0.0008215025355184824
274,Data/raw/phone/albopictus/IMG_20250521_110407_903.jpg,phone,albopictus,130,0,-1.5703745142212036,707888.0,3371.6568542494924,0.7825060020048166,1043.8397720111902,904.2017999420945,1.154432309334087,1.4920263088962089e-05,2.094801367512052e-05
275,Data/raw/phone/albopictus/IMG_20250521_110407_903.jpg,phone,albopictus,130,1,-1.5018955731671562,50544.0,1517.210244842766,0.27592302295387355,555.4413701191329,144.09817988626668,3.854603649799947,0.004224613788672693,0.014725540625247393
276,Data/raw/phone/albopictus/IMG_20250521_110407_903.jpg,phone,albopictus,130,2,1.539124257922794,712184.0,3482.710678118655,0.7378486408143595,1045.1291865174196,910.1994922877353,1.148241891335872,0.0031514858736016163,0.001214346454685491
277,Data/raw/phone/albopictus/IMG_20250521_110413_596.jpg,phone,albopictus,131,0,1.5703899414768867,710746.0,3378.828427124746,0.7823336478425512,1050.8039573396488,901.8662037508792,1.1651439570186073,0.0,0.0
278,Data/raw/phone/albopictus/IMG_20250521_110413_596.jpg,phone,albopictus,131,1,0.028742982949568417,51278.0,1265.1097397793778,0.4026099868560884,355.9451756075762,204.53573525920484,1.740259105121619,0.004380820553273471,0.016324704552932934
279,Data/raw/phone/albopictus/IMG_20250521_110413_596.jpg,phone,albopictus,131,2,1.5707963267948966,712530.0,3382.0,0.782827028213279,1050.7768554740821,904.1297841939876,1.1621969255341227,0.0,0.0
280,Data/raw/phone/albopictus/IMG_20250521_110417_176.jpg,phone,albopictus,132,0,-1.3893975160029066,727429.0,3606.5340546095176,0.7027816286786193,1044.7228782457578,930.7858678717403,1.1224094760210925,0.0006685018906425595,0.0010184811270045814
281,Data/raw/phone/albopictus/IMG_20250521_110417_176.jpg,phone,albopictus,132,1,1.5699357023683023,709631.0,3379.798989873223,0.7806577933126047,1043.928672525399,906.4286408827901,1.151694270724604,0.0017941534934936298,0.0008125526601873613
282,Data/raw/phone/albopictus/IMG_20250521_110422_923.jpg,phone,albopictus,133,0,-1.567967921311952,710849.0,3409.9411254969546,0.7682338857260923,1045.1569015813895,906.0995798331962,1.1534680346875257,0.00014222686805828507,0.00024703618068277626
283,Data/raw/phone/albopictus/IMG_20250521_110422_923.jpg,phone,albopictus,133,1,1.5160215285313465,51659.0,1919.8448045156722,0.17612605733646727,497.33870060751576,227.63147594534647,2.184841523089386,0.005682917925000153,0.010893120017139086
284,Data/raw/phone/albopictus/IMG_20250521_110422_923.jpg,phone,albopictus,133,2,1.5703609561856162,711014.0,3384.6274169979697,0.7799491335894235,1046.188739121067,906.1906287051962,1.1544907947413958,0.0010177769090188144,0.0010002384476007395
