,path,category,species,image_index,region_index,angle,area,perimeter,roundness,length,width,len_wid_ratio,laplacian,edge
0,Data/raw/aegypti_old/ag_01.tif,raw,aegypti_old,0,0,1.216675445432223,72422.0,1606.4894654563445,0.3526343496512326,414.04797625615817,281.97665008152364,1.4683768182097727,0.005847883024744521,0.016318407052971756
1,Data/raw/aegypti_old/ag_01.tif,raw,aegypti_old,0,1,1.4844260344197904,70991.0,1344.0142853498728,0.4938617468598688,565.2657894006747,161.20107377218983,3.506588238981033,0.0106211906233576,0.05006383893227357
2,Data/raw/aegypti_old/ag_01.tif,raw,aegypti_old,0,2,1.3057237614518264,50188.0,1181.0681092190353,0.4521264008132144,511.5298697675782,126.14869900084004,4.054975388720988,0.01053338480013593,0.0396909270686628
3,Data/raw/aegypti_old/ag_01.tif,raw,aegypti_old,0,3,0.3439378815075622,886890.0,13025.743284223727,0.06568626872993855,1758.6122111599861,1058.1274813832467,1.6620040988454665,0.00456571892888597,0.017572879796630053
4,Data/raw/aegypti_old/ag_01.tif,raw,aegypti_old,0,4,-0.7415588066779232,63642.0,1273.477272147525,0.493141198480414,449.7180129855046,189.55591167285067,2.372482129503091,0.008518612806296675,0.02579445689795664
5,Data/raw/aegypti_old/ag_01.tif,raw,aegypti_old,0,5,0.07009677372601646,186546.0,2804.192134348286,0.2981125583398428,711.945866855367,388.2546534027983,1.8337085225267147,0.007295502525185742,0.03679383803423734
6,Data/raw/aegypti_old/ag_01.tif,raw,aegypti_old,0,6,1.3753216027197734,35639.0,906.1320343559644,0.545446808754884,349.17559438494084,134.20442179689073,2.601818850003276,0.008157088588634436,0.023820313953315922
7,Data/raw/aegypti_old/ag_01.tif,raw,aegypti_old,0,7,0.932362571542734,32065.0,819.7716446627535,0.599591301421997,298.0968734964137,139.9457015436393,2.130089529069659,0.005989444737955423,0.018713224392196706
8,Data/raw/aegypti_old/ag_01.tif,raw,aegypti_old,0,8,0.11138401832809193,78824.0,1984.6244584051392,0.25148475035978524,715.0500523406619,204.17293211510633,3.5021784961071085,0.004000942689722424,0.015881742012728493
9,Data/raw/aegypti_old/ag_01.tif,raw,aegypti_old,0,9,-1.001955301079706,104146.0,2146.732106143464,0.2839858853260767,643.5835724504186,293.3705264646244,2.1937567492078114,0.005662141940146964,0.02518041318458006
10,Data/raw/aegypti_old/ag_01.tif,raw,aegypti_old,0,10,-1.3791164718023312,58597.0,1346.5239533417507,0.40612252622602296,443.746358924603,186.8046316188418,2.375456941720952,0.007395135590987491,0.029758302151743084
11,Data/raw/aegypti_old/ag_02.tif,raw,aegypti_old,1,0,1.3694809287234542,195090.0,3453.5617587574857,0.20554665768275066,1103.0794891884718,268.9850655492265,4.100894921196282,0.0066183866673948915,0.02961002864038374
12,Data/raw/aegypti_old/ag_02.tif,raw,aegypti_old,1,1,0.6017955159098317,48041.0,1387.2001435749994,0.31372104485205243,594.8509697646764,119.75098489636171,4.967399393662517,0.004755600710284026,0.018293044330754012
13,Data/raw/aegypti_old/ag_02.tif,raw,aegypti_old,1,2,0.4722648991376533,267040.0,4400.117241391813,0.1733235942314636,1525.540001772792,339.4970202341711,4.493529871692356,0.0035830327718382017,0.014367341547415969
14,Data/raw/aegypti_old/ag_02.tif,raw,aegypti_old,1,3,-1.4687259538251678,61605.0,1135.955410846827,0.599933698145214,450.46195801949654,175.33213187486,2.569192270707147,0.011373562283164143,0.04377141396349323
15,Data/raw/aegypti_old/ag_02.tif,raw,aegypti_old,1,4,-0.24319276746813762,64715.0,1347.3523804664972,0.44797361097764504,568.2946183371113,146.83197190743468,3.8703738086101143,0.008862974081907086,0.031791716868549855
16,Data/raw/aegypti_old/ag_02.tif,raw,aegypti_old,1,5,-0.26020384365013494,54691.0,1195.210244842766,0.48110194668043504,507.4022807103824,138.82455256180887,3.65498949103021,0.006878838140080264,0.031014657486003017
17,Data/raw/aegypti_old/ag_02.tif,raw,aegypti_old,1,6,1.3315015531298642,36015.0,1124.3990616607232,0.3579747002675283,354.17611325746344,141.98125029949117,2.494527358439051,0.011042255438107846,0.03250908471692724
18,Data/raw/aegypti_old/ag_02.tif,raw,aegypti_old,1,7,0.9244894909722308,35023.0,830.7665940288701,0.6376834688314038,312.05085380055976,145.89889348037062,2.1388157672528436,0.007663227763551766,0.029286726021632552
19,Data/raw/aegypti_old/ag_02.tif,raw,aegypti_old,1,8,-1.2256072128529358,54954.0,1124.465078838705,0.5461566527632604,459.8948819376874,153.6552206624811,2.993031281038553,0.00814593622122806,0.03595801323466281
20,Data/raw/aegypti_old/ag_02.tif,raw,aegypti_old,1,9,-0.1650555437810109,30466.0,904.1076477383247,0.46836562801096476,346.3923233172721,126.0538464954117,2.747971069092926,0.0074034380250689045,0.024337704100049786
21,Data/raw/aegypti_old/ag_02.tif,raw,aegypti_old,1,10,-1.1500886214822716,29246.0,886.634559672906,0.46750582755515974,309.3181608180677,144.84538472595656,2.1355058112710257,0.00484213095146466,0.018075073860495786
22,Data/raw/aegypti_old/ag_03.tif,raw,aegypti_old,2,0,0.4436155954703753,43576.0,992.0975464705581,0.556350490277516,387.65810937019705,150.39313391104284,2.5776316995927213,0.010554594948328659,0.025217541615774955
23,Data/raw/aegypti_old/ag_03.tif,raw,aegypti_old,2,1,-0.737271654721947,199857.0,3415.0449480906714,0.21534578703978993,743.394109717704,496.80987053703046,1.4963352256148341,0.004899242453926894,0.0152705560322433
24,Data/raw/aegypti_old/ag_03.tif,raw,aegypti_old,2,2,-0.07585670767972257,43556.0,1248.5584412271571,0.35110749700912985,568.4470118058152,107.23240738542896,5.301074793207127,0.0077002688974920006,0.022279967797878737
25,Data/raw/aegypti_old/ag_03.tif,raw,aegypti_old,2,3,0.3633059927638216,58851.0,1080.5239533417507,0.6334245813554145,413.86778515043915,186.55235649969393,2.2185074094795376,0.00953295436558461,0.030552933362821798
26,Data/raw/aegypti_old/ag_03.tif,raw,aegypti_old,2,4,-0.5073778817931117,53331.0,1194.2468247692254,0.46989562404444085,500.2404786324722,137.18607062034653,3.6464378370953927,0.006841257006344727,0.02714707403290401
27,Data/raw/aegypti_old/ag_03.tif,raw,aegypti_old,2,5,0.9654968762244736,67280.0,1202.9747468305834,0.584228616448215,450.0328252147091,196.25482801979777,2.293104479291132,0.009564401520225327,0.02533823061235277
28,Data/raw/aegypti_old/ag_03.tif,raw,aegypti_old,2,6,-0.2295617699240036,180467.0,3308.497833620557,0.20717910551417956,977.3472240388297,309.97042977761,3.1530337417670227,0.005387787278990465,0.022839137462021538
29,Data/raw/aegypti_old/ag_03.tif,raw,aegypti_old,2,7,-0.42149832009454813,48548.0,1255.8864350760145,0.3867946585549144,555.8893882867835,114.04339381320106,4.874367288624453,0.006968691035460997,0.01780164394482436
30,Data/raw/aegypti_old/ag_03.tif,raw,aegypti_old,2,8,-0.14909422814938977,99286.0,1732.5554826343266,0.4156459718888516,597.515864441296,230.24476145906004,2.5951333730888844,0.005566209611023798,0.023979260305758438
31,Data/raw/aegypti_old/ag_03.tif,raw,aegypti_old,2,9,-1.4652500912654025,58290.0,1144.2985565973347,0.5594035512766314,480.70853504081754,157.80208050376237,3.046275014285102,0.00860196257508563,0.032208974454364214
32,Data/raw/aegypti_old/ag_03.tif,raw,aegypti_old,2,10,-0.7555737066338193,244404.0,4586.639969244288,0.1459919370389195,849.1665923935383,513.758952557836,1.6528502095502542,0.00517475045339275,0.021180657571006675
33,Data/raw/aegypti_old/ag_03.tif,raw,aegypti_old,2,11,-0.3822371277787408,42457.0,1210.16356364854,0.36430994112326265,430.72984391188305,135.82612919389118,3.171185444716739,0.006119654972601519,0.019499942895196718
34,Data/raw/aegypti_old/ag_03.tif,raw,aegypti_old,2,12,-1.3688039287415286,36310.0,821.2031021678298,0.67660460666797,315.7357170578397,149.11911821175536,2.117338949184784,0.007468833313543591,0.030907199077757394
35,Data/raw/aegypti_old/ag_03.tif,raw,aegypti_old,2,13,1.1837711312861938,131514.0,3360.701802340164,0.14632613223845622,920.393118142334,408.30795671446526,2.2541640519290103,0.0048544008758995465,0.01641479492766583
36,Data/raw/aegypti_old/ag_03.tif,raw,aegypti_old,2,14,1.21042902697498,42960.0,1331.7199128346442,0.30440259425011773,561.8594325377093,105.1456598219664,5.343629337521442,0.009884920943491311,0.023157521074507
37,Data/raw/aegypti_old/ag_04.tif,raw,aegypti_old,3,0,0.7935947973492001,143068.0,2776.7291475506336,0.23317679669322594,856.9511763676009,338.27528489857906,2.5332952616521482,0.004924099828854432,0.019413043042697826
38,Data/raw/aegypti_old/ag_04.tif,raw,aegypti_old,3,1,1.2373949902133417,33895.0,1117.6122650963196,0.3410069134279165,457.89497990950576,111.59052389091806,4.1033500331722355,0.010349203829081773,0.024732492194791678
39,Data/raw/aegypti_old/ag_04.tif,raw,aegypti_old,3,2,-1.198047379723497,114540.0,2649.876333808248,0.2049820489263786,812.1351655687134,283.2752592826347,2.8669470381047812,0.007061949252623504,0.0243388238024882
40,Data/raw/aegypti_old/ag_04.tif,raw,aegypti_old,3,3,0.46756675249562407,44042.0,1232.3717164502532,0.3644126560738645,527.6471565884976,108.990568694349,4.8412184917414365,0.008452669590170887,0.01790198099654175
41,Data/raw/aegypti_old/ag_04.tif,raw,aegypti_old,3,4,0.7678283704231031,82152.0,1361.9524522539969,0.5565499049239451,535.0949783159484,200.37507676165026,2.670466741492274,0.008962398049102269,0.027474638211057625
42,Data/raw/aegypti_old/ag_04.tif,raw,aegypti_old,3,5,-0.08113633218251018,65332.0,1200.8843430349616,0.5692898650639547,485.8494108672154,172.346171759604,2.8190322181620573,0.007703050247108801,0.03275746067634931
43,Data/raw/aegypti_old/ag_04.tif,raw,aegypti_old,3,6,0.43307308075972595,128628.0,1855.3422791987305,0.4695667082775838,590.9047135023272,295.48602102744377,1.9997721430194018,0.005525534808079026,0.020760884753189997
44,Data/raw/aegypti_old/ag_04.tif,raw,aegypti_old,3,7,-0.43599074266387333,47954.0,1167.8031739553294,0.4418708989263485,502.82830534403405,123.92882572708848,4.057395867296799,0.007189628991949253,0.017896995710645763
45,Data/raw/aegypti_old/ag_04.tif,raw,aegypti_old,3,8,0.8265329786878253,173192.0,3632.6185412194786,0.16492940828462982,784.7320785051361,482.4314661320262,1.62661877094555,0.007398060889758258,0.025109726823365406
46,Data/raw/aegypti_old/ag_04.tif,raw,aegypti_old,3,9,1.4075930685691065,78625.0,1402.908729652601,0.5020092126372637,583.6137318798685,173.52948798270955,3.3631962997437053,0.010446726842294763,0.037919286711346555
47,Data/raw/aegypti_old/ag_04.tif,raw,aegypti_old,3,10,0.1430192821935449,101103.0,2608.2022356160523,0.1867632319591844,1199.2653435620348,196.21448209965985,6.112012379152078,0.006397863674094383,0.018942834790469442
48,Data/raw/aegypti_old/ag_04.tif,raw,aegypti_old,3,11,-0.15394876371073893,195475.0,2657.194226389339,0.34790004552055936,711.0828329665209,388.722838054005,1.8292797936089635,0.008558285408026044,0.03346461009708781
49,Data/raw/aegypti_old/ag_04.tif,raw,aegypti_old,3,12,-1.2832088997643256,39327.0,1071.3523804664972,0.43056230397012873,469.14621877781167,111.09599052269867,4.222890642322125,0.009150889116128427,0.023872303579895084
50,Data/raw/aegypti_old/ag_04.tif,raw,aegypti_old,3,13,-0.0206490611314652,327158.0,4440.199277023223,0.20852709113549744,801.3820795405957,646.9630515991142,1.2386829163733541,0.006044158334915242,0.022222488245627437
51,Data/raw/aegypti_old/ag_04.tif,raw,aegypti_old,3,14,0.6707188576272834,45252.0,1084.0630585851518,0.48388098036015037,430.463200377816,141.99797067231427,3.031474311496936,0.006648004051543658,0.014895624104220382
52,Data/raw/aegypti_old/ag_05.tif,raw,aegypti_old,4,0,0.13186877240196596,40434.0,1149.144227664784,0.3847755707342535,515.976825989845,100.85791721125234,5.115878259800901,0.007902559697810053,0.03179174128415198
53,Data/raw/aegypti_old/ag_05.tif,raw,aegypti_old,4,1,0.34952392062790105,201793.0,3626.782104868019,0.19278490801815285,1051.0934880328027,290.30095437588835,3.6207028333493616,0.004716945188756257,0.01985846283747291
54,Data/raw/aegypti_old/ag_05.tif,raw,aegypti_old,4,2,0.05495151878566743,70766.0,1192.1391770309008,0.625720799344288,494.35403111490984,185.3424887628959,2.667246104304366,0.011014458213677381,0.03285952950059145
55,Data/raw/aegypti_old/ag_05.tif,raw,aegypti_old,4,3,-0.5253048032467412,104013.0,2100.5697679841996,0.2962260621350136,545.2072131795072,275.5822205350335,1.9783831196403234,0.009190388369724132,0.024917784821696095
56,Data/raw/aegypti_old/ag_05.tif,raw,aegypti_old,4,4,-1.1744920536717192,58310.0,1340.0041840821061,0.40807557063154487,489.6759743596174,156.61210560360288,3.1266802299371697,0.008668062277336087,0.021948126571589618
57,Data/raw/aegypti_old/ag_05.tif,raw,aegypti_old,4,5,1.427777293061677,283174.0,5408.308150250823,0.12165791873709454,1328.4633415382277,452.0145995925943,2.9389832601327175,0.0058562542704309346,0.020075460063854696
58,Data/raw/aegypti_old/ag_05.tif,raw,aegypti_old,4,6,0.19871706270999984,50133.0,1236.399061660723,0.41211291451794885,549.2142709703173,118.24806745034572,4.644594053944614,0.008240811554562752,0.022484738695295457
59,Data/raw/aegypti_old/ag_05.tif,raw,aegypti_old,4,7,-0.061620677827132916,48481.0,1128.9848480983499,0.47797502716585666,474.1485832115336,131.74839934364297,3.5988944501314117,0.00807352152029977,0.034281694588868414
60,Data/raw/aegypti_old/ag_05.tif,raw,aegypti_old,4,8,0.15195611845377474,42739.0,1054.256926036992,0.48321598749964484,458.90576441793,120.13871834471733,3.819799068450015,0.006761142292733182,0.02433210365478053
61,Data/raw/aegypti_old/ag_05.tif,raw,aegypti_old,4,9,-1.2796793391757821,168827.0,3530.819551346255,0.17017694452856938,967.5787995641726,514.0894693776113,1.8821214150439296,0.005348797700318189,0.017356700417689955
62,Data/raw/aegypti_old/ag_05.tif,raw,aegypti_old,4,10,0.31092689771977333,51568.0,972.3158005400378,0.6854495026305513,360.57810108476343,185.56540539463793,1.9431321280921396,0.009027278017438458,0.03562407994352928
63,Data/raw/aegypti_old/ag_05.tif,raw,aegypti_old,4,11,-0.3489584536497852,50845.0,993.9726547895302,0.6467095024933663,362.49488368641397,183.90755864169074,1.9710711531583485,0.008744462622517268,0.03570556553457865
64,Data/raw/aegypti_old/ag_06.tif,raw,aegypti_old,5,0,0.8308816509881691,246641.0,4105.385135248349,0.18389390094601205,1029.146845195144,426.37360410751114,2.413720819677294,0.004701187131265053,0.016648386347895328
65,Data/raw/aegypti_old/ag_06.tif,raw,aegypti_old,5,1,0.543124648518263,51953.0,1005.7371567773472,0.6454335017272956,384.81267218096025,174.79782695009294,2.2014728609345315,0.009122162039062704,0.029532899576746506
66,Data/raw/aegypti_old/ag_06.tif,raw,aegypti_old,5,2,1.1814909346356224,50294.0,1195.56053326821,0.4421635122388193,516.8867321370352,126.67780735751805,4.080325851222267,0.008524133960411807,0.019231017854911915
67,Data/raw/aegypti_old/ag_06.tif,raw,aegypti_old,5,3,1.1729244476741094,320197.0,5179.271570324364,0.1499994807699767,958.315982523874,641.0125057014128,1.4950035670135007,0.007065475755674817,0.02519131872194164
68,Data/raw/aegypti_old/ag_06.tif,raw,aegypti_old,5,4,0.5224180432152249,44175.0,1465.3178925810907,0.2585370070067388,555.1911896516976,124.07007945116243,4.474819328782948,0.00834234870735682,0.020239064988549126
69,Data/raw/aegypti_old/ag_06.tif,raw,aegypti_old,5,5,1.1493396090598236,126580.0,1765.8519471906086,0.5101129843927484,525.3779750867494,324.01806694143016,1.6214465447746693,0.007649364636562354,0.020788383605858513
70,Data/raw/aegypti_old/ag_06.tif,raw,aegypti_old,5,6,-1.008046869647524,51966.0,1209.2173875177025,0.446601714852578,498.0999576699767,135.5720478215702,3.6740608825614154,0.00873768069534688,0.026907228381616143
71,Data/raw/aegypti_old/ag_06.tif,raw,aegypti_old,5,7,-1.1194755724908498,38197.0,1019.6538956566621,0.4616720183611538,391.3515068270249,125.97212395653611,3.1066516506624278,0.00641855117411276,0.01573054832241013
72,Data/raw/aegypti_old/ag_06.tif,raw,aegypti_old,5,8,1.3272345668441357,163724.0,3311.6723650886415,0.1875976883299583,998.3332693942599,331.7900615199151,3.0089306015404462,0.006764775952638385,0.022220896589050663
73,Data/raw/aegypti_old/ag_06.tif,raw,aegypti_old,5,9,0.8074108441906401,55924.0,1361.0752518939714,0.3793532562748731,550.1894288311024,131.7836038570254,4.174945992735284,0.0046980766160021675,0.011809740615516116
74,Data/raw/aegypti_old/ag_06.tif,raw,aegypti_old,5,10,1.3099857151453416,37397.0,1159.4701294725887,0.349564642839116,519.5147713519935,95.27676976038342,5.452690856948117,0.01099749690958648,0.023856242723418176
75,Data/raw/aegypti_old/ag_06.tif,raw,aegypti_old,5,11,-1.4948922917253595,58795.0,1672.1564209736039,0.2642387200670873,766.6312354764655,118.68975136544906,6.459119061729151,0.005111613820149013,0.022734811596705894
76,Data/raw/aegypti_old/ag_06.tif,raw,aegypti_old,5,12,1.505308998801838,46155.0,1156.9604614807106,0.43330288883357587,508.8015836512989,121.44240447105923,4.189653407039966,0.012838392996295642,0.041201207482542454
77,Data/raw/aegypti_old/ag_07.tif,raw,aegypti_old,6,0,-1.1532328612013771,37439.0,1062.4823227814084,0.4167644608914808,428.5699102916282,114.00754652132237,3.759136332360898,0.005863347340462916,0.01880297085895688
78,Data/raw/aegypti_old/ag_07.tif,raw,aegypti_old,6,1,0.22935617683142745,51937.0,1252.3818177180199,0.41611485160929934,547.1820836708077,121.9768530818262,4.485950160591038,0.008368577924813705,0.022952850378636567
79,Data/raw/aegypti_old/ag_07.tif,raw,aegypti_old,6,2,1.325130770975941,201363.0,2726.001225489276,0.34051593751787296,853.3685232563448,320.7899473848882,2.660209679926352,0.006529460890667898,0.030276489165377476
80,Data/raw/aegypti_old/ag_07.tif,raw,aegypti_old,6,3,-0.5127655974893908,120134.0,2594.6429278371183,0.22424388216132488,764.1957183707029,319.2118785032813,2.3940077729997364,0.006567028690630713,0.01729742151068053
81,Data/raw/aegypti_old/ag_07.tif,raw,aegypti_old,6,4,-0.8795858608684591,133044.0,2879.973880278806,0.20157100431074682,818.0463369301315,435.4434381392508,1.8786511984790266,0.004933559454044842,0.009904214390160464
82,Data/raw/aegypti_old/ag_07.tif,raw,aegypti_old,6,5,-0.5202002331578003,56901.0,1283.0996385116111,0.43431916900147394,536.875633098171,138.15455495472412,3.886050903454579,0.007186841677852824,0.01386280748378402
83,Data/raw/aegypti_old/ag_07.tif,raw,aegypti_old,6,6,-1.517086580522434,52496.0,1280.8010819142762,0.4021357701751293,543.8144270972476,124.88858631119538,4.354396531819005,0.007552281613630968,0.029059049978712215
84,Data/raw/aegypti_old/ag_07.tif,raw,aegypti_old,6,7,-1.271035579711338,110912.0,2290.7047609329943,0.26561351175836206,633.3655117771017,287.55563559669156,2.2025842423948263,0.006664537500503388,0.02417306896599474
85,Data/raw/aegypti_old/ag_07.tif,raw,aegypti_old,6,8,0.9781362707438753,30357.0,866.7838379715733,0.5077466946413369,345.41729238398574,113.82700975275866,3.0345810992861857,0.005847881292087648,0.014822255492532493
86,Data/raw/aegypti_old/ag_07.tif,raw,aegypti_old,6,9,1.5498389335525944,50982.0,1732.918830920368,0.21333901744206052,638.8394964692533,134.60184068316687,4.746142350110861,0.004655262846813434,0.016084024181408148
87,Data/raw/aegypti_old/ag_08.tif,raw,aegypti_old,7,0,-1.1511091229002137,39307.0,1055.251875403109,0.44357544554478145,431.86873489449505,118.76632385720173,3.6362894873613407,0.007998670278112043,0.024427212650727642
88,Data/raw/aegypti_old/ag_08.tif,raw,aegypti_old,7,1,0.2294698708584916,54057.0,1278.3229432149744,0.41570058597677606,554.1115725763575,125.42627959399196,4.417826745479741,0.009950279261825687,0.03362579474929486
89,Data/raw/aegypti_old/ag_08.tif,raw,aegypti_old,7,2,1.3226352482038986,198059.0,2667.77582874486,0.3497081706183779,846.497544498833,319.0554739674995,2.65313593894039,0.004802251134639422,0.01751405914163346
90,Data/raw/aegypti_old/ag_08.tif,raw,aegypti_old,7,3,-0.5237449725293917,121096.0,2599.010460205265,0.22528050299441407,769.7494941189933,319.98839401310346,2.405554415475057,0.006929220974236645,0.02130075390281942
91,Data/raw/aegypti_old/ag_08.tif,raw,aegypti_old,7,4,-0.8922805278331785,135526.0,2989.7800128269655,0.19052589746396897,831.602925536665,446.04362659397987,1.8643981798077527,0.006275399851885876,0.01596184636204256
92,Data/raw/aegypti_old/ag_08.tif,raw,aegypti_old,7,5,-0.5244576511558738,58396.0,1316.7564927611036,0.42323544034783545,549.4222130731603,139.21799479689636,3.9464884828624807,0.00836147097617009,0.0230252060613302
93,Data/raw/aegypti_old/ag_08.tif,raw,aegypti_old,7,6,-1.511656897375406,56090.0,1290.842712474619,0.42300806681285463,563.3833608949784,128.41195530819203,4.387312377129089,0.010244479631359939,0.04643176635802379
94,Data/raw/aegypti_old/ag_08.tif,raw,aegypti_old,7,7,-1.2877521560860326,111828.0,2299.349421873667,0.26579724407927074,635.8774297882475,289.5054752016139,2.1964262656705107,0.006839793086887281,0.023715121065267075
95,Data/raw/aegypti_old/ag_08.tif,raw,aegypti_old,7,8,0.9604012286791209,31453.0,850.239682094289,0.5467505118350784,342.17327004745516,118.78555044514924,2.8805967456913715,0.007330080777791514,0.021216393296619326
96,Data/raw/aegypti_old/ag_08.tif,raw,aegypti_old,7,9,1.4198408585353235,41765.0,1211.445742854949,0.3576139186095417,542.5566434353103,102.4059371413339,5.298097537904561,0.007918038230730864,0.029656300615152134
97,Data/raw/aegypti_old/ag_09.tif,raw,aegypti_old,8,0,-0.6137240054046764,247495.0,4122.240907583565,0.18302463779631825,1110.736378513876,384.6746029994495,2.887470006735707,0.0051592033274905445,0.02096659406790837
98,Data/raw/aegypti_old/ag_09.tif,raw,aegypti_old,8,1,0.10770390500273223,38892.0,1350.6244584051392,0.26791740061642666,601.1123415844455,108.47087317956749,5.541693580629129,0.009717336987196077,0.026485889711354
99,Data/raw/aegypti_old/ag_09.tif,raw,aegypti_old,8,2,-0.008286609357000698,49686.0,1186.6173157302028,0.4434274110106273,497.9339071150136,129.4910806959384,3.845314321564943,0.016672388035789163,0.04755922278415571
100,Data/raw/aegypti_old/ag_09.tif,raw,aegypti_old,8,3,-1.5581839696220006,67484.0,1280.5828278447966,0.5171247609989799,544.2365763609849,158.64417215014456,3.43054881238188,0.00990830373382342,0.03225636300147185
101,Data/raw/aegypti_old/ag_09.tif,raw,aegypti_old,8,4,0.9210880743885876,58848.0,1660.2539674441618,0.26828260714552155,593.2489533038425,145.74129087737876,4.070561950785655,0.007762576373977686,0.014668749499392614
102,Data/raw/aegypti_old/ag_09.tif,raw,aegypti_old,8,5,-0.17471112837025798,63110.0,1180.6244584051392,0.5689636121133871,480.29183303558057,169.7294113719883,2.829750183855564,0.010196588972324071,0.048285180780712256
103,Data/raw/aegypti_old/ag_09.tif,raw,aegypti_old,8,6,0.2611668856915557,153466.0,2599.040764008565,0.285493257119896,769.3125110886459,369.2802030101204,2.0832758020000397,0.004935006703083651,0.012459562876626978
104,Data/raw/aegypti_old/ag_09.tif,raw,aegypti_old,8,7,-0.32527452532803314,67239.0,1261.1757569573601,0.5312266841929285,531.0411679364786,163.90294890959825,3.2399732370244165,0.009433852462413255,0.0273390906833274
105,Data/raw/aegypti_old/ag_09.tif,raw,aegypti_old,8,8,-1.4497088264447457,358176.0,5876.991483159007,0.13031554462913186,1061.4201656125729,728.6484129329126,1.4566972860617469,0.005828355510554212,0.022357397745668365
106,Data/raw/aegypti_old/ag_09.tif,raw,aegypti_old,8,9,-0.1389993928603475,49416.0,1169.0437226013958,0.45437658580331425,506.3958799175711,131.76038732577803,3.8433089807599417,0.008293245637813083,0.02337686672524889
107,Data/raw/aegypti_old/ag_09.tif,raw,aegypti_old,8,10,-1.2734775793777164,183340.0,3921.7942981768383,0.14979505248934255,954.7964168499884,381.3323329669427,2.503843325902183,0.006676742675179156,0.02048702635904108
108,Data/raw/aegypti_old/ag_09.tif,raw,aegypti_old,8,11,0.030399874785831553,37128.0,880.19090885901,0.6022234496227985,336.1858290105223,151.39770279294902,2.220547754745585,0.007390114656659738,0.024231784026259015
109,Data/raw/aegypti_old/ag_09.tif,raw,aegypti_old,8,12,1.0197504151272327,53206.0,1353.5777772109132,0.364925358179859,492.167295412,142.6172929640978,3.4509650630929953,0.007689233317563384,0.018872199183462758
110,Data/raw/aegypti_old/ag_11.tif,raw,aegypti_old,9,0,-0.9797786557082863,116462.0,2357.7413408594534,0.2632702530971041,740.8392665509451,334.44850464944426,2.21510712785953,0.007591533164260173,0.024505334282006446
111,Data/raw/aegypti_old/ag_11.tif,raw,aegypti_old,9,1,-1.17361309253257,200113.0,3704.799348810722,0.1832127879701306,832.7863693546017,484.07829013483644,1.7203547160163601,0.006703859201260754,0.022415604997531886
112,Data/raw/aegypti_old/ag_11.tif,raw,aegypti_old,9,2,0.8321283466732399,189115.0,2872.961686969986,0.28792287636581365,804.6406793156028,369.78963477568055,2.1759416804738425,0.006531450509531327,0.025521547216905277
113,Data/raw/aegypti_old/ag_11.tif,raw,aegypti_old,9,3,1.002550655938007,183863.0,2655.006276123159,0.3277729440346349,789.2354284693563,366.63054940155877,2.152672301196952,0.007117710769278485,0.02925860822838347
114,Data/raw/aegypti_old/ag_11.tif,raw,aegypti_old,9,4,-0.46482666962414737,45176.0,1281.335136523794,0.34577386772631064,527.3525212542586,119.78950260719373,4.402326662825541,0.007552377741810794,0.021156764589046986
115,Data/raw/aegypti_old/ag_11.tif,raw,aegypti_old,9,5,-1.1781515800503584,194199.0,3513.679507763577,0.19766626752423738,727.5818707033053,478.3490879393137,1.5210269843675563,0.007953934360051639,0.03005770170174065
116,Data/raw/aegypti_old/ag_11.tif,raw,aegypti_old,9,6,1.5574449046173118,58042.0,1232.4579361637689,0.48018437197245606,525.8706772054371,143.08900445188263,3.6751298900977027,0.009570839654916879,0.04295234611601062
117,Data/raw/aegypti_old/ag_11.tif,raw,aegypti_old,9,7,1.314776334944751,32858.0,949.8721497261419,0.4576365265165527,381.5208926073585,114.798408260909,3.3233988030587835,0.007979281579000555,0.029866894699659197
118,Data/raw/aegypti_old/ag_12.tif,raw,aegypti_old,10,0,0.10573449147504416,110076.0,2015.7615433949868,0.34042715283406366,666.131692329394,240.0243027796137,2.7752676900431412,0.005605089323931623,0.02779581906094929
119,Data/raw/aegypti_old/ag_12.tif,raw,aegypti_old,10,1,-0.8813234826360244,71482.0,1297.1828996322963,0.533831417226621,537.9296782530017,170.29252996648972,3.1588565767321435,0.006427322209378254,0.02542924715219763
120,Data/raw/aegypti_old/ag_12.tif,raw,aegypti_old,10,2,-0.3812816005859076,50491.0,1255.1757569573601,0.4027307132330099,538.8932628388409,121.04580861264658,4.451977883541013,0.005840339596572905,0.022739081243581986
121,Data/raw/aegypti_old/ag_12.tif,raw,aegypti_old,10,3,-1.2550851826684504,120515.0,2246.4549775709384,0.3000927690776792,577.2738377689882,295.9362392964528,1.9506696413436095,0.007246673021401561,0.0347278599363945
122,Data/raw/aegypti_old/ag_12.tif,raw,aegypti_old,10,4,0.15635414330353828,48002.0,1090.7249634685274,0.5070358773857568,425.11777983567464,170.14177589436952,2.498609042964286,0.004482231841042412,0.017046095524692155
123,Data/raw/aegypti_old/ag_12.tif,raw,aegypti_old,10,5,0.4712463791501429,39904.0,1036.7665940288703,0.4665135961151509,405.0966489588926,129.97341715239364,3.1167653958341144,0.004531318659151912,0.017246930208296474
124,Data/raw/aegypti_old/ag_12.tif,raw,aegypti_old,10,6,-1.0303728982779479,72281.0,1326.347329832614,0.5163206342399584,509.2864133271207,182.42499695243495,2.7917578283414244,0.004656697504652725,0.018353788033662995
125,Data/raw/aegypti_old/ag_12.tif,raw,aegypti_old,10,7,-0.3559610158092537,45036.0,1013.653895656662,0.5507953776023934,411.34023970479444,143.2537944325008,2.8714090355115323,0.006295147343130652,0.025766632591610394
126,Data/raw/aegypti_old/ag_13.tif,raw,aegypti_old,11,0,1.5089250254315367,111205.0,1624.3056992722709,0.5296617879025093,541.7643535224104,269.1579061633155,2.0128123347552234,0.006029921551798654,0.019718021328408955
127,Data/raw/aegypti_old/ag_13.tif,raw,aegypti_old,11,1,0.26884774470262995,132727.0,2352.5007922133873,0.30137663921713587,807.5568506449818,394.7600242397495,2.0456905488346218,0.00470439009577684,0.019329850940668778
128,Data/raw/aegypti_old/ag_13.tif,raw,aegypti_old,11,2,1.406419485501494,108360.0,2244.018469431979,0.27041202863159647,609.0612038033174,366.5216706379035,1.6617331322955393,0.005763631527010712,0.025493066633804563
129,Data/raw/aegypti_old/ag_13.tif,raw,aegypti_old,11,3,-0.9738838260993885,66697.0,1314.3473298326137,0.48517215696997745,511.30191886322046,168.71970229957066,3.030481395441163,0.005476853033863432,0.020459482956585083
130,Data/raw/aegypti_old/ag_13.tif,raw,aegypti_old,11,4,0.8513737975481209,108744.0,2327.866232540481,0.25217331449885727,740.2401553645685,214.34522086823313,3.4534950318282336,0.005550340905765019,0.01962904552496684
131,Data/raw/aegypti_old/ag_13.tif,raw,aegypti_old,11,5,0.44484156727598606,108026.0,2374.552524041497,0.24075460259953482,898.7769562176557,201.53709733078995,4.459610504077378,0.0033865764664506304,0.011818384524470326
132,Data/raw/aegypti_old/ag_13.tif,raw,aegypti_old,11,6,1.5191607464038783,52540.0,1188.9015869776647,0.4670981195986505,510.3027343807118,136.69907586387419,3.7330371925035872,0.00887015389869319,0.03697138742665513
133,Data/raw/aegypti_old/ag_13.tif,raw,aegypti_old,11,7,-0.16440015593840718,60037.0,1281.511760032931,0.45939224008248075,537.0509206033948,143.08916186589653,3.753260649515301,0.00789219866535872,0.02612879664997092
134,Data/raw/aegypti_old/ag_13.tif,raw,aegypti_old,11,8,1.1465638988356752,129440.0,2561.238815542512,0.2479580535007719,734.1367726590253,278.79629863264836,2.6332371565174517,0.00580076898790389,0.015365273447432977
135,Data/raw/aegypti_old/ag_13.tif,raw,aegypti_old,11,9,-0.025601618893298442,46716.0,1295.0437226013958,0.35003111515306423,574.5066338368989,110.38695867350675,5.204479231429197,0.006869856126617737,0.022557233701282743
136,Data/raw/aegypti_old/ag_13.tif,raw,aegypti_old,11,10,0.5328510166305181,106070.0,2153.9768388716366,0.28728991088338107,605.1794936936334,339.70724355468354,1.7814736222903533,0.004665535827354206,0.01806117357548021
137,Data/raw/aegypti_old/ag_13.tif,raw,aegypti_old,11,11,0.1447849927335322,33533.0,868.19090885901,0.5590514847343009,226.6869181778008,207.35470679001835,1.0932325660075783,0.005943688007271415,0.018668021116642387
138,Data/raw/aegypti_old/ag_14.tif,raw,aegypti_old,12,0,1.516080277007058,116868.0,1612.4894654563448,0.5648221294811216,546.5712793213177,279.4003403574235,1.9562298264279678,0.006623657644809151,0.03472262069527342
139,Data/raw/aegypti_old/ag_14.tif,raw,aegypti_old,12,1,0.26000498620822754,135204.0,2344.182033080519,0.3091838056100178,812.3070642372203,398.76964653078045,2.037033338179413,0.004829486343274582,0.021005384448010648
140,Data/raw/aegypti_old/ag_14.tif,raw,aegypti_old,12,2,1.2774610742449075,158469.0,3419.12106653642,0.17034336560012664,1124.4179603229468,327.6173768824564,3.432107206957978,0.0033655471712468695,0.013176913704478365
141,Data/raw/aegypti_old/ag_14.tif,raw,aegypti_old,12,3,-0.9815373777739983,69073.0,1300.7737367038067,0.5129968087189467,511.60020083352924,174.51065217296778,2.931627350326169,0.006165215831109568,0.020857457936756685
142,Data/raw/aegypti_old/ag_14.tif,raw,aegypti_old,12,4,0.8555325836494089,110843.0,2282.836795288958,0.26728119701867614,744.1847058882859,218.50781291228074,3.405757881010124,0.0044237107178390495,0.016395181110010298
143,Data/raw/aegypti_old/ag_14.tif,raw,aegypti_old,12,5,0.4519005711101851,113880.0,2407.6063479106588,0.24688025827643054,903.9590479160372,206.15124885250944,4.384931223786925,0.003904004737460179,0.01590335073597217
144,Data/raw/aegypti_old/ag_14.tif,raw,aegypti_old,12,6,-0.15746738577037273,57381.0,1246.1980515339465,0.4643055135108821,527.4921378070792,139.4079103081221,3.7838034917904277,0.006267722432093035,0.01930506792970949
145,Data/raw/aegypti_old/ag_14.tif,raw,aegypti_old,12,7,1.131476943398755,132830.0,2567.8073580374353,0.2531518810003978,731.188906519364,286.86808995930437,2.548868041137276,0.006356195495940165,0.02554256848576991
146,Data/raw/aegypti_old/ag_14.tif,raw,aegypti_old,12,8,-0.018046425989219378,51986.0,1285.5462479183375,0.3952945768682364,574.2146315203175,118.78498651390568,4.834067405084872,0.007061045549174443,0.03612210510328006
147,Data/raw/aegypti_old/ag_14.tif,raw,aegypti_old,12,9,0.5387804625746632,112176.0,2150.3443712397834,0.30485532184769937,610.1982773752339,350.7547704702089,1.73967206934128,0.005757956610789219,0.024203611712394872
148,Data/raw/aegypti_old/ag_14.tif,raw,aegypti_old,12,10,0.07421209580746557,32663.0,892.6761902332485,0.5150839676452296,231.54915702403804,201.4035214084937,1.1496777981076205,0.006077637801695705,0.02101821588777894
149,Data/raw/aegypti_old/ag_15.tif,raw,aegypti_old,13,0,0.02004137893081976,154224.0,2991.6824663564075,0.21653636135237084,945.7146667750407,345.1824350367192,2.739753158860587,0.004020968915597777,0.011513014380985365
150,Data/raw/aegypti_old/ag_15.tif,raw,aegypti_old,13,1,-0.029257559458733914,36348.0,1069.462986797652,0.39935476086173327,457.69474619286706,106.23373335615747,4.308374861103744,0.010159342791374142,0.02781033907958193
151,Data/raw/aegypti_old/ag_15.tif,raw,aegypti_old,13,2,1.442355194704572,174824.0,3082.854039231662,0.23115590411517478,770.2401113958905,388.9120737419465,1.9804993555097632,0.006532081274376529,0.021575748039650504
152,Data/raw/aegypti_old/ag_15.tif,raw,aegypti_old,13,3,0.511825105009858,134696.0,2888.146319705837,0.2029206194539757,696.2374563294796,378.3856427301596,1.8400208086806074,0.004648959477396814,0.021495419429401558
153,Data/raw/aegypti_old/ag_15.tif,raw,aegypti_old,13,4,0.06913871942942919,62257.0,1181.085353161738,0.5608354868544898,471.35985157232864,171.25329001635188,2.7524134078085245,0.009683977248928381,0.0237722161313564
154,Data/raw/aegypti_old/ag_15.tif,raw,aegypti_old,13,5,0.912401646749112,177233.0,2978.27243687614,0.2510877981909398,881.0210541599984,341.554439069844,2.5794454803728653,0.006141091415911134,0.018238045386759442
155,Data/raw/aegypti_old/ag_15.tif,raw,aegypti_old,13,6,-1.0578396275613167,153309.0,2288.302740679441,0.3679175913522795,648.9689622697935,353.141116365762,1.837704340260484,0.005915258006430905,0.027497481673538157
156,Data/raw/aegypti_old/ag_15.tif,raw,aegypti_old,13,7,1.3963838575530811,111708.0,1659.0336213336288,0.5100159587206725,555.2278144349821,266.9282518750957,2.0800638768457933,0.00611251787324801,0.022029594783697832
157,Data/raw/aegypti_old/ag_15.tif,raw,aegypti_old,13,8,-0.6805421928200631,47903.0,1139.9625535217635,0.46322437676763223,419.30043830763134,151.19171732815832,2.7733029673679073,0.008349707519420393,0.024069207310364677
158,Data/raw/aegypti_old/ag_16.tif,raw,aegypti_old,14,0,-0.007860425629402654,166369.0,3100.5352800987935,0.21747478760546082,956.4621506538908,349.3262369818428,2.738019791807409,0.004540463961520578,0.013679811962775967
159,Data/raw/aegypti_old/ag_16.tif,raw,aegypti_old,14,1,-0.014166494260939563,41687.0,1092.2497833620557,0.439103169428974,458.8650950384764,120.37909859014773,3.8118336190634308,0.011633391765906607,0.05259780086637105
160,Data/raw/aegypti_old/ag_16.tif,raw,aegypti_old,14,2,1.4546664379185066,179077.0,3094.0672426672577,0.23506619553067154,773.9097251419905,389.66204688278305,1.9861049628341034,0.0065855281139213795,0.029135939351670644
161,Data/raw/aegypti_old/ag_16.tif,raw,aegypti_old,14,3,0.522681254678296,130927.0,2927.442784262119,0.19198276815456725,698.9753187874294,379.03226699240776,1.8441050529384884,0.0042528844947810965,0.013721143925860982
162,Data/raw/aegypti_old/ag_16.tif,raw,aegypti_old,14,4,0.06757163041356495,66743.0,1193.6538956566621,0.5886521684027292,485.01816364822645,178.00097036856033,2.7248062897857857,0.011243559705080251,0.03772285602465721
163,Data/raw/aegypti_old/ag_16.tif,raw,aegypti_old,14,5,-0.7577601875693561,176431.0,3296.6185412194786,0.20400807874935667,908.448056101147,359.4432274024079,2.52737563777801,0.0038636525256513683,0.009919163480144764
164,Data/raw/aegypti_old/ag_16.tif,raw,aegypti_old,14,6,0.9122073974439234,179233.0,3027.3018741276637,0.24576293142282554,878.2331210658272,347.1717498007609,2.5296791042757314,0.005694605170748451,0.017190213384501378
165,Data/raw/aegypti_old/ag_16.tif,raw,aegypti_old,14,7,1.3973637180140415,119786.0,1678.2468247692254,0.534446526072684,567.8053118870438,278.73120266561926,2.0371070998040115,0.007349439787483228,0.040498992132581506
166,Data/raw/aegypti_old/ag_16.tif,raw,aegypti_old,14,8,-0.6964158082871666,51994.0,1564.9331162702406,0.26679121935465583,505.7082555727246,140.97751318217763,3.587155455914626,0.005937086318252472,0.011478185583648305
167,Data/raw/aegypti_old/ag_17.tif,raw,aegypti_old,15,0,1.300122727746226,68414.0,1130.908729652601,0.6722018980120923,446.75804878586024,196.2891920472254,2.2760196021305865,0.006091284565650295,0.028897182010201316
168,Data/raw/aegypti_old/ag_17.tif,raw,aegypti_old,15,1,0.6873445173995878,40780.0,1092.4894654563448,0.4293609761813683,445.9057280591155,122.61210041463275,3.636718778580685,0.007394058578921552,0.02274159888701921
169,Data/raw/aegypti_old/ag_17.tif,raw,aegypti_old,15,2,0.5503466812930812,64942.0,1300.7564927611036,0.48232915991898895,530.3001474741736,156.83747374758653,3.381208169213667,0.008350670665084086,0.02645631016727168
170,Data/raw/aegypti_old/ag_17.tif,raw,aegypti_old,15,3,0.9596795102080091,63411.0,1361.1240251292506,0.43010953122107654,570.8666395017087,144.28895369750532,3.956412635013644,0.007151713875154721,0.02412211706909599
171,Data/raw/aegypti_old/ag_17.tif,raw,aegypti_old,15,4,0.1008746092635054,48400.0,1126.8010819142764,0.4790277966549108,500.3760854132782,125.77181075402939,3.9784438374021542,0.006633647986178238,0.021418623174155733
172,Data/raw/aegypti_old/ag_17.tif,raw,aegypti_old,15,5,-0.05415731547430167,39267.0,1196.2152954766495,0.3448409905779319,537.7499755180198,101.28589906641575,5.30922843628414,0.008401298153990683,0.03783148221268585
173,Data/raw/aegypti_old/ag_17.tif,raw,aegypti_old,15,6,1.3751686311762008,124102.0,2202.462120245875,0.3214931685511415,502.5721892682018,421.55645765328995,1.1921823996384926,0.007303888688068623,0.02926810062065842
174,Data/raw/aegypti_old/ag_17.tif,raw,aegypti_old,15,7,0.1202353043152708,47995.0,1225.1858582251266,0.4017925773870518,554.0325766115964,112.74634663090352,4.913973651184697,0.005394193915546058,0.023872436798331467
175,Data/raw/aegypti_old/ag_17.tif,raw,aegypti_old,15,8,0.5215038091996764,147130.0,3120.337228564847,0.18989259684399024,754.4751562191935,380.2073910495889,1.9843779315715364,0.004935155961389968,0.017352029915435795
176,Data/raw/aegypti_old/ag_17.tif,raw,aegypti_old,15,9,0.09706734770732546,63344.0,1152.98484809835,0.5987811889674411,489.065940852135,166.6816381693072,2.934132074916166,0.008538102737807704,0.03810135902050973
177,Data/raw/aegypti_old/ag_17.tif,raw,aegypti_old,15,10,0.6231135020592281,52022.0,1385.6021638285529,0.34050210649399415,551.0491220913783,124.85053335078742,4.41367054911266,0.004472465587807787,0.013885977358087779
178,Data/raw/aegypti_old/ag_18.tif,raw,aegypti_old,16,0,1.3718031286334929,54446.0,1067.9137802864843,0.5999339809051902,425.7139030619972,164.49324413946812,2.588032750457819,0.007455772738104459,0.034093546098260964
179,Data/raw/aegypti_old/ag_18.tif,raw,aegypti_old,16,1,-0.449662732619825,46256.0,1248.7737367038064,0.3727437975869012,540.3259507520324,111.94125119497323,4.826870746789509,0.007178943912316405,0.022643821770174925
180,Data/raw/aegypti_old/ag_18.tif,raw,aegypti_old,16,2,0.043773029899220633,58461.0,1909.8204178980327,0.2014146424621721,764.6986878157513,122.0940169575298,6.263195419983196,0.0065288959414245284,0.025628807627874752
181,Data/raw/aegypti_old/ag_18.tif,raw,aegypti_old,16,3,1.3318869993010118,44847.0,1273.653895656662,0.3474084711859317,562.2170023793941,111.870187367049,5.0256195650655835,0.006891248254445869,0.022495917887728045
182,Data/raw/aegypti_old/ag_18.tif,raw,aegypti_old,16,4,0.21408874575557763,42609.0,1285.511760032931,0.32401051006502124,592.3559903877873,94.74261812786182,6.252265370040347,0.007508923233788475,0.02627315271010838
183,Data/raw/aegypti_old/ag_18.tif,raw,aegypti_old,16,5,0.6778629116045432,45116.0,1281.1585130146568,0.34540985035326127,524.9745018562047,112.91160742832774,4.64942899860353,0.006519950831871669,0.013665543097305704
184,Data/raw/aegypti_old/ag_18.tif,raw,aegypti_old,16,6,1.261482594315497,71307.0,1148.6488450227787,0.6791527583908735,445.8187419208674,204.6804619696132,2.178120655146135,0.007220065100285108,0.03589681387497682
185,Data/raw/aegypti_old/ag_18.tif,raw,aegypti_old,16,7,0.4839540475232056,49838.0,1098.7077195258244,0.5188073474436969,418.907736859185,155.50804966582726,2.6938009817458313,0.00802297171115993,0.02506496288220035
186,Data/raw/aegypti_old/ag_18.tif,raw,aegypti_old,16,8,-1.3072680829611896,108251.0,2280.9890321804564,0.26145405803497945,478.4307594657922,395.1082372644973,1.2108853077277564,0.006596199838169633,0.015883517959605756
187,Data/raw/aegypti_old/ag_19.tif,raw,aegypti_old,17,0,-1.5414410045605957,33568.0,1055.521861300698,0.3786176585552315,443.6003739411845,104.30345123056814,4.252978867981876,0.014057537885655272,0.04450842074791433
188,Data/raw/aegypti_old/ag_19.tif,raw,aegypti_old,17,1,0.3335461321206542,37140.0,872.4335495461293,0.6131786815315622,314.6545206521358,158.83519758906107,1.9810125553292726,0.006598903658372831,0.01916907691418937
189,Data/raw/aegypti_old/ag_19.tif,raw,aegypti_old,17,2,-1.5701669053539797,42645.0,1277.1787155501902,0.3285297007773876,630.6510076654451,88.78392165941202,7.103211886547586,0.014105426903271889,0.045786874722050855
190,Data/raw/aegypti_old/ag_19.tif,raw,aegypti_old,17,3,0.32661242132184687,77336.0,1294.7909806465098,0.579685234851999,516.0898896865178,191.42540455075905,2.696036562637482,0.010459774031528271,0.037914288202296864
191,Data/raw/aegypti_old/ag_19.tif,raw,aegypti_old,17,4,-0.2850885271805423,51341.0,1190.2813126546316,0.45538105294581777,498.48947210247945,135.92995853635384,3.667252439933326,0.009828370660701082,0.024508189609679976
192,Data/raw/aegypti_old/ag_19.tif,raw,aegypti_old,17,5,1.269621893129109,66309.0,1211.7787873376901,0.5674605190469535,462.47968805490035,188.93379208485763,2.4478399705605995,0.009799942389697289,0.0310402167858164
193,Data/raw/aegypti_old/ag_19.tif,raw,aegypti_old,17,6,-0.4444816093222215,47795.0,1255.259018078045,0.3811760714220914,542.917989753277,115.20033616060468,4.712816019880156,0.006607584733481306,0.016560432441620483
194,Data/raw/aegypti_old/ag_1ß.tif,raw,aegypti_old,18,0,0.7440900614863418,246261.0,4278.441917710342,0.169057414040562,721.3381454432821,661.5548707016071,1.0903678249368374,0.006672702894026046,0.024332083554042858
195,Data/raw/aegypti_old/ag_1ß.tif,raw,aegypti_old,18,1,1.3771846131420191,1034997.0,14443.141479332671,0.06234844466376353,2027.3377370755647,1095.5181780203216,1.8505742558641123,0.0046639113842901385,0.019394980513525995
196,Data/raw/aegypti_old/ag_1ß.tif,raw,aegypti_old,18,2,-0.7791318388488794,53294.0,1183.2001435749992,0.4783786118329182,484.17838389302966,142.89978894988562,3.38823722169967,0.008050984258955821,0.02461758842907059
197,Data/raw/aegypti_old/ag_1ß.tif,raw,aegypti_old,18,3,0.02290358497520126,100276.0,2069.435641587182,0.2942408838729071,625.8880398159231,263.0306048452953,2.3795255315785284,0.007286945227254786,0.016939124071166576
198,Data/raw/aegypti_old/ag_1ß.tif,raw,aegypti_old,18,4,-1.0094602377985575,129956.0,1920.2640687119283,0.44287818457933487,509.985866172606,406.1819331248025,1.2555601925699362,0.005994494611290875,0.03103667635481995
199,Data/raw/aegypti_old/ag_1ß.tif,raw,aegypti_old,18,5,-0.3654791074965531,44474.0,1725.9453095790604,0.18761259725303794,539.3323707126847,239.21776790646885,2.2545665208428702,0.006332452098017089,0.014023473998067732
200,Data/raw/aegypti_old/ag_20.tif,raw,aegypti_old,19,0,-1.5540247286270499,28889.0,969.605122421383,0.38614691586746497,349.46602988133174,128.6748100601406,2.7158853369824034,0.007408212695280436,0.023177775223903723
201,Data/raw/aegypti_old/ag_20.tif,raw,aegypti_old,19,1,1.474864436639486,109015.0,1768.2813126546316,0.438120332468537,513.0335479889909,315.6625743024122,1.625259342583618,0.006058218700667712,0.027700478260980637
202,Data/raw/aegypti_old/ag_20.tif,raw,aegypti_old,19,2,0.7222989357292702,152334.0,2338.4103884177657,0.3500783445053509,731.8674957610939,372.47306303704016,1.9648870438942698,0.005595448642550301,0.019702536123153258
203,Data/raw/aegypti_old/ag_20.tif,raw,aegypti_old,19,3,-0.18808169027391683,69049.0,1228.1391770309008,0.575270477107556,518.7842731161485,171.13152379136062,3.031494499801437,0.009312084936369525,0.042427055220008614
204,Data/raw/aegypti_old/ag_20.tif,raw,aegypti_old,19,4,-1.3525544800377716,130082.0,2553.508801440101,0.2506988555100871,1092.9943050672987,196.2491611059513,5.569421539984119,0.007322741535741968,0.030447179252911613
205,Data/raw/aegypti_old/ag_20.tif,raw,aegypti_old,19,5,0.6737160554108467,82302.0,1331.5777772109134,0.5832935524413292,502.3454786128426,209.80252290060602,2.3943729163391847,0.007396809153442967,0.02652981395674937
206,Data/raw/aegypti_old/ag_20.tif,raw,aegypti_old,19,6,1.3454343088847873,103367.0,2220.0458146424485,0.26355296233768466,628.5146034238597,270.08475069558096,2.3271014072626177,0.007641490344790285,0.025988039108531934
207,Data/raw/aegypti_old/ag_20.tif,raw,aegypti_old,19,7,0.2570513485672668,50691.0,1128.2569260369921,0.5004085326556247,463.1552005990945,145.46505500809337,3.183961952740646,0.0077374347991162684,0.023240576410142186
208,Data/raw/aegypti_old/ag_20.tif,raw,aegypti_old,19,8,0.4625172714172134,53887.0,1022.558441227157,0.6476160357683108,368.71302253426865,192.0736059950875,1.9196444020720833,0.007171173368440769,0.0193362165516767
209,Data/raw/aegypti_old/ag_20.tif,raw,aegypti_old,19,9,-0.08152147212887109,32076.0,788.0904037956217,0.6489899778050237,227.7633576890485,199.45913477164515,1.1419048716410407,0.011157561675234934,0.029405363297889876
210,Data/raw/albopictus_old/ap_01.tif,raw,albopictus_old,20,0,-0.12909277926566665,43719.0,1130.558441227157,0.4298273533976464,502.60395983312907,113.56883390818903,4.425544777887238,0.009065016672752248,0.03403212428968075
211,Data/raw/albopictus_old/ap_03.tif,raw,albopictus_old,22,0,-0.9316441026725039,38271.0,1119.6265504461921,0.3836483166871885,483.54481208635275,101.4979832135115,4.764082957876771,0.0065518645136054855,0.02000637012694479
212,Data/raw/albopictus_old/ap_04.tif,raw,albopictus_old,23,0,-1.0535551444531193,57843.0,1186.9158723275375,0.5159656599889824,481.4021875854605,154.51241442325,3.115621417103572,0.008729475201637454,0.03095456963555819
213,Data/raw/albopictus_old/ap_04.tif,raw,albopictus_old,23,1,1.5322526392345506,420806.0,6302.881384442132,0.13311086919642165,2903.7812143960787,218.74742269466483,13.274584809391223,0.002979993365707806,0.0118704398565642
214,Data/raw/albopictus_old/ap_05.tif,raw,albopictus_old,24,0,0.47688410797571484,46236.0,1195.986940139403,0.4061974984449691,467.5420455717072,129.56729538332016,3.608488115681515,0.0069244863685378015,0.030451539295493726
215,Data/raw/albopictus_old/ap_05.tif,raw,albopictus_old,24,1,0.30543791244876517,47934.0,1112.031529292576,0.4871013505699848,413.7044792361052,157.1183628462845,2.63307529267505,0.005606242008454795,0.024417865098362607
216,Data/raw/albopictus_old/ap_05.tif,raw,albopictus_old,24,2,1.3442760762723869,255825.0,4366.421715174808,0.1686170513744898,1028.4962961933718,426.2870826238124,2.4126846393349286,0.005212584272113216,0.02625200160184101
217,Data/raw/albopictus_old/ap_05.tif,raw,albopictus_old,24,3,1.0729820832820385,105348.0,1729.5331880577405,0.4425663184804554,502.48220309417763,276.7181161342904,1.8158630526753248,0.007155674269366483,0.03248909519869863
218,Data/raw/albopictus_old/ap_05.tif,raw,albopictus_old,24,4,-0.3045221164130907,97460.0,2154.0529573173853,0.26395112577856505,588.153128644467,342.84807067555806,1.7154920180403888,0.003709112019857286,0.015249536558392032
219,Data/raw/albopictus_old/ap_05.tif,raw,albopictus_old,24,5,0.588936896589469,40640.0,1106.655987697715,0.41700214311643213,475.6392720631334,111.43401518202397,4.268349043029559,0.004195535649309083,0.016782118510417655
220,Data/raw/albopictus_old/ap_05.tif,raw,albopictus_old,24,6,-0.998748957952459,30613.0,989.6639969244287,0.3927717221072622,266.5676762418676,183.21697264197286,1.4549289424335794,0.0063944020169866755,0.023488035061694078
221,Data/raw/albopictus_old/ap_06.tif,raw,albopictus_old,25,0,1.0902463961898785,157218.0,2520.32712729708,0.3110271517996199,602.8185137949777,403.81340864282015,1.492814505147304,0.0065664333110152,0.02801990211847214
222,Data/raw/albopictus_old/ap_06.tif,raw,albopictus_old,25,1,0.9261669994810676,209808.0,4448.769045007422,0.13321471115750694,941.5295032987924,420.1542201446998,2.2409140695398286,0.00675274412588872,0.026554284817342105
223,Data/raw/albopictus_old/ap_06.tif,raw,albopictus_old,25,2,1.5623308164757066,87189.0,1947.335136523794,0.28892835204750095,888.6756680255417,136.40006489066747,6.5152144079833585,0.009263264189881038,0.03991156683701428
224,Data/raw/albopictus_old/ap_06.tif,raw,albopictus_old,25,3,0.4871949780707951,43262.0,1154.7321061434639,0.40771245135200196,446.405085851867,127.8346814715856,3.492049893761354,0.006357711481562164,0.020388452744408037
225,Data/raw/albopictus_old/ap_06.tif,raw,albopictus_old,25,4,0.4186694457422527,59915.0,1082.0630585851518,0.6430434021044387,422.13279922951097,184.21959336767338,2.29146526443037,0.007585095409057793,0.03620906946356897
226,Data/raw/albopictus_old/ap_07.tif,raw,albopictus_old,26,0,1.063122257211883,159548.0,2577.6408357960654,0.30175635269536666,603.4576325455762,410.5122776960011,1.4700111673455427,0.007995963896642441,0.03804769055698563
227,Data/raw/albopictus_old/ap_07.tif,raw,albopictus_old,26,1,1.1695194476428916,140811.0,3226.0642840744276,0.17002015687897845,867.2832831413696,361.46153221855275,2.3993792031429186,0.004595531151442348,0.015003372779686936
228,Data/raw/albopictus_old/ap_07.tif,raw,albopictus_old,26,2,1.5633785899536687,86423.0,1950.9919907732863,0.285317380992177,889.5267610039027,136.3936750755689,6.521759608801952,0.008999283110092808,0.03335626426778927
229,Data/raw/albopictus_old/ap_07.tif,raw,albopictus_old,26,3,0.9026477467574504,57048.0,1207.3006486383879,0.49183498724423724,484.1013808117776,152.61799123758183,3.1719810809079023,0.0068996154880713164,0.019088520796596814
230,Data/raw/albopictus_old/ap_07.tif,raw,albopictus_old,26,4,0.4895558044132954,45242.0,1179.0580079512686,0.4089604545646297,465.561038481854,127.09954238598733,3.6629639237252034,0.007787353302266831,0.030730569644978962
231,Data/raw/albopictus_old/ap_07.tif,raw,albopictus_old,26,5,0.41593459943697153,56174.0,1072.908729652601,0.6132247235654504,417.5246866768126,175.14822903258585,2.3838361882559105,0.006723270977848172,0.023585729163216194
232,Data/raw/albopictus_old/ap_08.tif,raw,albopictus_old,27,0,-0.3487131327959228,61588.0,1161.5950211536165,0.5735832776740097,466.8039825495889,168.77188476997722,2.7658871214586833,0.008993193255903338,0.036110425417389694
233,Data/raw/albopictus_old/ap_08.tif,raw,albopictus_old,27,1,-0.9895671945466566,37284.0,1077.0092347159894,0.4039182806699706,425.67744791933455,115.97888486080637,3.6703012658745346,0.0065923847000668445,0.018069937892869228
234,Data/raw/albopictus_old/ap_08.tif,raw,albopictus_old,27,2,1.3737196174790063,57026.0,1123.269119345812,0.5679565791292333,414.49360743362666,178.5461170454509,2.321493260635361,0.009781344204955866,0.029110269206056243
235,Data/raw/albopictus_old/ap_08.tif,raw,albopictus_old,27,3,-0.5792212678875723,103151.0,2003.9179643685907,0.32279249556228357,807.3585676466902,212.46507206244036,3.7999590229561093,0.0053408051600300835,0.01983032961137274
236,Data/raw/albopictus_old/ap_08.tif,raw,albopictus_old,27,4,0.5985645113703767,64254.0,1169.6610383315983,0.5901874708314186,430.3697123404247,192.61977243764434,2.234296650307516,0.01238996935375753,0.03457513529814678
237,Data/raw/albopictus_old/ap_08.tif,raw,albopictus_old,27,5,-0.054479790039615617,46911.0,1225.286363288515,0.3926533930693611,516.0759905983018,119.05579498402524,4.334740620291085,0.008272575015422359,0.04288982533751112
238,Data/raw/albopictus_old/ap_08.tif,raw,albopictus_old,27,6,-0.7000985218860596,86777.0,1931.5189027078677,0.2922917587786497,537.1975372271125,340.22156235322393,1.5789638184936226,0.005860322565104825,0.017534493425014435
239,Data/raw/albopictus_old/ap_08.tif,raw,albopictus_old,27,7,-0.7052367429368447,44650.0,924.0386719675123,0.6571296038518253,351.05643873235323,167.48708210452594,2.096020984551302,0.006515890343761755,0.0236504765442715
240,Data/raw/albopictus_old/ap_09.tif,raw,albopictus_old,28,0,0.5378285472591776,36751.0,846.4579361637687,0.6445672899612005,296.5457226780457,170.24038822407027,1.7419234399755505,0.011374711947617792,0.03781522397689435
241,Data/raw/albopictus_old/ap_09.tif,raw,albopictus_old,28,1,-1.412899549076701,307247.0,5342.879651338576,0.13525294540621782,864.2056088643282,682.49642557809,1.2662419559667677,0.003934835191633951,0.018189742596472998
242,Data/raw/albopictus_old/ap_09.tif,raw,albopictus_old,28,2,1.5518203370415966,87637.0,1747.3767670841364,0.3606818197644334,428.4640648086674,286.4994997070487,1.4955141815143838,0.006513218154264961,0.024844619917175816
243,Data/raw/albopictus_old/ap_09.tif,raw,albopictus_old,28,3,-0.4800398371518364,42541.0,1182.5067093990478,0.38230531113714716,471.36156593718124,117.26369507170804,4.019671780331827,0.004923931617373045,0.012685338251267823
244,Data/raw/albopictus_old/ap_09.tif,raw,albopictus_old,28,4,0.18793700251695059,33304.0,827.9898987322332,0.6104585556920209,312.07471314781264,137.8618953193503,2.263676358321543,0.006608340534457625,0.02534851745897826
245,Data/raw/albopictus_old/ap_09.tif,raw,albopictus_old,28,5,-0.3323686364062885,33693.0,804.5756851698602,0.6540572115153697,295.58129155087664,151.85092111967916,1.9465228750105403,0.004924749560456407,0.02430719584143111
246,Data/raw/albopictus_old/ap_09.tif,raw,albopictus_old,28,6,1.3887711335386557,44984.0,996.8355697996825,0.568880283062386,386.32525968279896,160.31927877210634,2.4097242866964232,0.007198258456175383,0.04393414238030137
247,Data/raw/albopictus_old/ap_10.tif,raw,albopictus_old,29,0,0.5372735451270302,43522.0,1194.045814642449,0.38359834723262715,504.5993973853474,111.85472311538398,4.511203312039196,0.006112202860161918,0.015690704438996787
248,Data/raw/albopictus_old/ap_10.tif,raw,albopictus_old,29,1,1.32053470856465,38615.0,1006.1147904132612,0.4793699833553033,415.50760902973025,119.12717939062712,3.487932906287062,0.006488609195012459,0.024350061231338902
249,Data/raw/albopictus_old/ap_10.tif,raw,albopictus_old,29,2,-0.9937548737920552,50791.0,1171.3351365237938,0.46519419378192745,462.0993883906873,141.13056339579796,3.2742687145288185,0.005234342326117741,0.01620556032795669
250,Data/raw/albopictus_old/ap_10.tif,raw,albopictus_old,29,3,-0.6908632653610145,50672.0,1326.5310960166876,0.3618620507119277,496.53601431205857,133.40784994632338,3.7219400096159236,0.006869719807073772,0.022978575157262024
251,Data/raw/albopictus_old/ap_10.tif,raw,albopictus_old,29,4,0.44141473265115116,55612.0,1083.2935059634515,0.5955059412961301,420.3127750020614,169.5132622549667,2.4795273798097552,0.005770400658258231,0.0212582465038899
252,Data/raw/albopictus_old/ap_10.tif,raw,albopictus_old,29,5,0.37621325818850715,43377.0,1206.4478348960022,0.374500394675223,519.2672445578268,107.69701332319481,4.821556592284734,0.004515379165159175,0.020457504790306922
253,Data/raw/albopictus_old/ap_10.tif,raw,albopictus_old,29,6,1.299162277998817,138557.0,2229.082394568908,0.3504177461591136,718.9729884039597,307.09246966489525,2.3412263712897805,0.005817889164003598,0.02974497643909897
254,Data/raw/albopictus_old/ap_10.tif,raw,albopictus_old,29,7,-0.45588996171078894,47951.0,1138.607214462436,0.4647930977977442,469.39016719223446,132.63265993721964,3.5390240036987546,0.007230121104099991,0.0269531888662407
255,Data/raw/albopictus_old/ap_11.tif,raw,albopictus_old,30,0,0.6259704652545215,40510.0,1337.2173875177025,0.28468728930613685,489.1058422623455,122.02394295673578,4.008277641345851,0.008351841673676818,0.02037852731933023
256,Data/raw/albopictus_old/ap_11.tif,raw,albopictus_old,30,1,1.3229219381140593,51910.0,1081.4528855298854,0.5577578423432498,448.46761022425414,149.0794256325717,3.008246163555586,0.01338895917943296,0.04943887160186822
257,Data/raw/albopictus_old/ap_11.tif,raw,albopictus_old,30,2,0.8175589057877557,42027.0,1271.9108216936543,0.3264562061219674,535.7999072479416,104.73529497043398,5.115753074445382,0.007138284336436664,0.015580242360927348
258,Data/raw/albopictus_old/ap_11.tif,raw,albopictus_old,30,3,1.222885521698962,39398.0,1153.3767670841366,0.3721702394553387,490.09106048048096,107.05177273302843,4.578075149700667,0.007851199704175953,0.02260653007286928
259,Data/raw/albopictus_old/ap_11.tif,raw,albopictus_old,30,4,-0.9814621083060586,55036.0,1152.3300858899106,0.5208383137474256,468.43062886982244,150.2373283607353,3.1179376921897353,0.008152788828298667,0.029850556857763815
260,Data/raw/albopictus_old/ap_12.tif,raw,albopictus_old,31,0,-1.2569406872013298,105874.0,1914.8641404994282,0.36284676290565204,747.896313778364,252.29157394217128,2.9644125726917543,0.007626769152556577,0.029643098628295835
261,Data/raw/albopictus_old/ap_12.tif,raw,albopictus_old,31,1,1.1469069348474181,38734.0,1146.2224381515857,0.3704796865627883,491.62392083594307,103.62608396631353,4.744210164264808,0.010554264915609077,0.024872036728670766
262,Data/raw/albopictus_old/ap_12.tif,raw,albopictus_old,31,2,0.35372527366003614,48459.0,1011.7371567773473,0.594906770668809,386.1448431585333,165.8401315250606,2.328416165662422,0.009508037603925889,0.03367970753154918
263,Data/raw/albopictus_old/ap_12.tif,raw,albopictus_old,31,3,-0.3788036517900695,40520.0,1118.5067093990478,0.4070072202073084,493.4334860343235,106.7325061504182,4.623085354511654,0.005389829282414643,0.01511095238823454
264,Data/raw/albopictus_old/ap_12.tif,raw,albopictus_old,31,4,-0.06835512195282412,31288.0,789.0782104868019,0.6314625004617778,307.9283356955863,133.26359888276556,2.3106710180210315,0.009109714042925196,0.04352371647613759
265,Data/raw/albopictus_old/ap_13.tif,raw,albopictus_old,32,0,-0.3843981225714358,43880.0,1161.477272147525,0.40874744509060135,509.18409741986903,112.12798025353051,4.541097558955064,0.009153830076881883,0.024635354606378987
266,Data/raw/albopictus_old/ap_13.tif,raw,albopictus_old,32,1,-0.069693603515302,39764.0,1065.3452377915605,0.4402700991043095,442.18409480541,115.57947494097486,3.825801207621236,0.00910576888550768,0.022940824475562425
267,Data/raw/albopictus_old/ap_13.tif,raw,albopictus_old,32,2,1.2495506464186206,47028.0,1149.8376618407356,0.4469853760859508,493.54693571791074,124.48930038782794,3.964573133436677,0.010517771287049478,0.029720571995226364
268,Data/raw/albopictus_old/ap_13.tif,raw,albopictus_old,32,3,1.54216186817566,45219.0,1078.6589462905456,0.4883852265578466,457.161609874302,127.13700412012626,3.5958186449190648,0.010213590930272604,0.04311179684591968
269,Data/raw/albopictus_old/ap_13.tif,raw,albopictus_old,32,4,1.0600169555465944,39604.0,1176.1391770309006,0.3597754150347972,449.397710946989,126.95388344046691,3.539850052383212,0.007965569713489285,0.016211934397340682
270,Data/raw/albopictus_old/ap_14.tif,raw,albopictus_old,33,0,-0.388002149315862,40951.0,1119.636651713959,0.41050661689588674,489.3152683129978,108.79846974384596,4.497446236744293,0.005683907622694354,0.016264048775036087
271,Data/raw/albopictus_old/ap_14.tif,raw,albopictus_old,33,1,-0.070368419171253,44740.0,1098.6000717874997,0.46582908128584377,466.0920722442671,123.41334772082381,3.776674734556466,0.008241430828040026,0.03607334374454447
272,Data/raw/albopictus_old/ap_14.tif,raw,albopictus_old,33,2,1.2565742900824912,45104.0,1165.0681092190353,0.4175632730508244,498.3104056857244,120.10407598112467,4.148988297150198,0.008141399861867637,0.024201468219913504
273,Data/raw/albopictus_old/ap_14.tif,raw,albopictus_old,33,3,1.5495394835450955,46503.0,1097.0437226013958,0.4855600658153182,455.3643092893841,131.1825993724243,3.4712249297379416,0.010478640101533826,0.044650523860314005
274,Data/raw/albopictus_old/ap_14.tif,raw,albopictus_old,33,4,1.0666683283412688,44911.0,1213.435641587182,0.38329141776368164,478.95915843404964,134.53571626874935,3.5600892589539415,0.00950441054223022,0.029554429916895768
275,Data/raw/albopictus_old/ap_15.tif,raw,albopictus_old,34,0,0.3649854384648851,98057.0,2315.2459582174483,0.22987629916430735,652.5028496734021,268.12482388368295,2.433578660200701,0.00784032781036114,0.022714604619042372
276,Data/raw/albopictus_old/ap_15.tif,raw,albopictus_old,34,1,0.031122699259913737,44118.0,1150.1320343559642,0.4191121783613067,520.5203729342325,110.27705157561417,4.72011506924743,0.013460004832188791,0.05380593028204764
277,Data/raw/albopictus_old/ap_15.tif,raw,albopictus_old,34,2,1.1650065050488148,42594.0,1180.5655839020935,0.3840414084116637,505.43121890859607,108.49444751658501,4.658590651206674,0.0068554781125853455,0.01645312615693637
278,Data/raw/albopictus_old/ap_15.tif,raw,albopictus_old,34,3,1.4827412238926079,51555.0,1211.2274887854694,0.4416001559272723,525.0013474211767,127.52646703824225,4.116803041863779,0.01164588416362208,0.041603575136780285
279,Data/raw/albopictus_old/ap_16.tif,raw,albopictus_old,35,0,0.33638200995432666,82452.0,2204.611398544542,0.21318024724333176,635.7429612875675,250.6194558014317,2.536686384760459,0.00502471185608955,0.011551850261971527
280,Data/raw/albopictus_old/ap_16.tif,raw,albopictus_old,35,1,0.03064175591906049,38684.0,1218.173664916307,0.3275841086834642,492.87377998975086,104.75709026150263,4.70492048566261,0.011161163962152675,0.03629712940773249
281,Data/raw/albopictus_old/ap_16.tif,raw,albopictus_old,35,2,1.170690589698429,45126.0,1161.8620484583753,0.4200757110292109,509.38898344764146,113.72324315304556,4.479198529029989,0.008555183641857757,0.023884377982227045
282,Data/raw/albopictus_old/ap_16.tif,raw,albopictus_old,35,3,1.477122787834793,47651.0,1154.1147904132613,0.4495560739001518,507.90130386715725,121.24043742062638,4.189207121589856,0.008303188836353264,0.029570568913653256
283,Data/raw/albopictus_old/ap_17.tif,raw,albopictus_old,36,0,0.38757964673954204,68195.0,1284.3889603929565,0.5194805236402814,534.0530852142614,162.9823295935474,3.2767545202360697,0.008646664981506968,0.03108031818168377
284,Data/raw/albopictus_old/ap_17.tif,raw,albopictus_old,36,1,1.3625938725659013,83899.0,1800.8082245892128,0.3251110401080838,677.2998352684741,174.27395062624495,3.8864089144397664,0.005895229405707914,0.022332076895640977
285,Data/raw/albopictus_old/ap_17.tif,raw,albopictus_old,36,2,-0.1245360457248888,73743.0,1221.737156777347,0.6208334394489334,478.401181557271,197.13113970661968,2.4268169010195515,0.008312405785387583,0.039928846111157726
286,Data/raw/albopictus_old/ap_17.tif,raw,albopictus_old,36,3,0.29876664661187224,65831.0,1079.8376618407356,0.7094525849339135,398.35621409402836,211.94017762114282,1.8795691244824595,0.006788239113956434,0.03177579705066166
287,Data/raw/albopictus_old/ap_17.tif,raw,albopictus_old,36,4,1.4009770687627852,45359.0,1144.399061660723,0.43522952507462487,507.43334433738517,115.76358071712843,4.38335909440563,0.007021196410479375,0.031136658303794328
288,Data/raw/albopictus_old/ap_18.tif,raw,albopictus_old,37,0,0.393529231968414,62839.0,1288.5655839020935,0.4755827281926582,524.2679080330439,154.38174687383386,3.3959190036986295,0.006623292738977491,0.020036964079910586
289,Data/raw/albopictus_old/ap_18.tif,raw,albopictus_old,37,1,1.3490199429820682,88946.0,1844.607214462436,0.32849478582216096,675.1961998251497,185.92675101799188,3.6315172299214327,0.007245165367755966,0.031600556186015163
290,Data/raw/albopictus_old/ap_18.tif,raw,albopictus_old,37,2,-0.12504869100831448,68301.0,1175.9970414071697,0.6206181437463438,462.4789574566449,188.99872927655844,2.446995063019221,0.006026830562156614,0.021680039019940627
291,Data/raw/albopictus_old/ap_18.tif,raw,albopictus_old,37,3,0.3028934464119152,60583.0,1063.210244842766,0.6734763257675497,385.47075791870145,201.7016597846631,1.9110936336876476,0.00587310043316271,0.01869692532395858
292,Data/raw/albopictus_old/ap_18.tif,raw,albopictus_old,37,4,1.3996241469659256,42497.0,1135.428498912246,0.41423668304240374,501.2494936188295,110.12681505236579,4.551566240978486,0.00756519511750208,0.028228603967523882
293,Data/raw/albopictus_old/ap_19.tif,raw,albopictus_old,38,0,-1.5174538343374715,59951.0,1068.7665940288703,0.6595391103428667,421.5683248838417,183.83172968724426,2.293229387554925,0.00938455303324613,0.03975828448433205
294,Data/raw/albopictus_old/ap_19.tif,raw,albopictus_old,38,1,-1.4644086897791073,294940.0,4430.639969244288,0.18880375086404533,1013.8188712235542,482.52132105570183,2.1010861634164346,0.005550451245784181,0.027568523624442322
295,Data/raw/albopictus_old/ap_19.tif,raw,albopictus_old,38,2,-0.6111447303710444,40044.0,1016.5310960166873,0.48697423043663546,416.8300988552178,124.46730658161803,3.348912339336966,0.005193334954086089,0.01893605946060703
296,Data/raw/albopictus_old/ap_19.tif,raw,albopictus_old,38,3,-1.4129519457948143,43169.0,1027.4701294725885,0.5138583789975352,444.92938797361757,124.19760453277387,3.582431316992168,0.005880114618081118,0.02500024308635621
297,Data/raw/albopictus_old/ap_19.tif,raw,albopictus_old,38,4,-0.551833274805408,45270.0,1214.5554826343268,0.3856431671774886,518.4372903569134,113.8244306215459,4.554710157792593,0.005516852788692746,0.021137073472091643
298,Data/raw/albopictus_old/ap_19.tif,raw,albopictus_old,38,5,-0.3107315550419564,100555.0,1648.3889603929563,0.4650441009607084,464.905049213432,297.1936817304929,1.564316732799947,0.007878052991808613,0.04241913771085932
299,Data/raw/albopictus_old/ap_19.tif,raw,albopictus_old,38,6,-0.3676468994731347,38367.0,1121.636651713959,0.3832333729386347,464.47898629193037,108.9598369005648,4.2628458292921945,0.005180301055821496,0.016242334148550072
300,Data/raw/albopictus_old/ap_19.tif,raw,albopictus_old,38,7,-1.2243005784903034,43781.0,1265.7787873376901,0.3433838887341317,482.302334734136,123.31779173168725,3.9110523141990834,0.0061446636728948725,0.02424595147986764
301,Data/raw/albopictus_old/ap_20.tif,raw,albopictus_old,39,0,-1.5183803557693212,56792.0,1097.9970414071697,0.5919631702877343,414.50108368237085,178.295121572078,2.3248032813663033,0.007213863955558413,0.02674685798614516
302,Data/raw/albopictus_old/ap_20.tif,raw,albopictus_old,39,1,-1.4729058396471164,293022.0,4385.828786062245,0.19142856550686455,1014.6772558987434,479.3403672254479,2.116819957751463,0.0050070894076315485,0.02274805273956653
303,Data/raw/albopictus_old/ap_20.tif,raw,albopictus_old,39,2,-0.6130386211758323,40162.0,1007.8448045156721,0.49686439106590496,422.23288544390965,122.95867487159958,3.433941410679882,0.004889733042257825,0.017188032449049533
304,Data/raw/albopictus_old/ap_20.tif,raw,albopictus_old,39,3,-1.4105714427368008,40011.0,1030.7422074112308,0.47324839486464854,438.01838028452653,117.1738627768072,3.7381918621123216,0.006009419851086694,0.020150747699326597
305,Data/raw/albopictus_old/ap_20.tif,raw,albopictus_old,39,4,-0.5544623516371304,41968.0,1206.6732316404182,0.3622002785909428,508.05450751994664,108.12760734835472,4.698656707376752,0.004037355001642583,0.013882289655446502
306,Data/raw/albopictus_old/ap_20.tif,raw,albopictus_old,39,5,-0.3271473025891044,98802.0,1602.8326112068523,0.4832804864992836,456.9163089027056,296.17745668908486,1.542711298862823,0.006397560974103505,0.03140039967218517
307,Data/raw/albopictus_old/ap_20.tif,raw,albopictus_old,39,6,-1.2217071434486653,40936.0,1213.9797974644666,0.3490537829034882,465.92309135591336,120.64465332078306,3.8619456273546295,0.004553394972317155,0.018039826492655373
