image,segment,area,perimeter,roundness,length,width,len_wid_ratio,laplacian,edge,cut-off,single,multi,blurred
0,0,49431,"2013,5260453828","0,153212696853489","582,645837326621","212,69162441076","2,73939248402837","0,00663448799321812","0,00957644545323065",1,0,0,0
0,1,648855,"6870,29804898306","0,172745349039569","1350,13900678636","1022,0165801267","1,32105391736304","0,000977889048422319","0,0037005943059918",0,0,1,0
0,2,169260,"2183,86623254048","0,445976663594089","870,855541947721","249,177631400959","3,49491861308531","0,00137765097314262","0,00422163252766392",0,1,0,0
0,3,42039,"1047,55339059327","0,481404235551914","434,471155976531","124,900172681237","3,47854728019764","0,00234036423040179","0,00748544464756019",0,1,0,0
0,4,72644,"1836,52099474892","0,270656099515011","756,328332062904","130,785280801366","5,78297746832538","0,00280513972738486","0,00542222954196754",0,1,0,0
0,5,83255,"1613,27626202075","0,401978385908974","664,238979287209","175,845708113816","3,77739659620968","0,00478538200882022","0,00939985715521677",0,1,0,0
0,6,204731,"3429,3220766632","0,218764536716813","711,413521655543","502,309866920419","1,41628418732267","0,00290641876776648","0,00914872606272947",0,0,1,0
1,0,201291,"2208,84985514956","0,518443972105061","722,692606197042","369,076627049855","1,95810992414705","0,00111849510065176","0,00434599276022686",1,0,0,0
1,1,41058,"1116,54833995939","0,413859181015923","388,656914341629","164,101480411172","2,36839371203606","0,00502002030556361","0,00960185821855321",1,0,0,0
1,2,1028411,"9907,26269454587","0,131664659411979","2204,76930236291","816,329022251118","2,70083415175294","0,00241076409149257","0,00599561835787132",0,0,1,0
1,3,95006,"1337,25187540311","0,667627882869999","463,732817062156","281,96508119589","1,64464626291787","0,0074782859741583","0,01200346415257",1,0,0,0
1,4,143940,"2377,01637739093","0,320130471603295","686,647224330995","326,060684327589","2,10588782191578","0,00408055019881072","0,0108809589799404",1,0,0,0
2,0,1505712,"10861,2050455321","0,160396818686581","1971,99349167636","1280,96473196539","1,53945962950184","0,00108714439720642","0,00485625318342871",0,0,1,0
2,1,278692,"4290,67445712969","0,190231852196905","956,895814943227","439,023191933382","2,17960197211729","0,00530024608336899","0,011624174304796",0,0,1,0
2,2,110241,"2104,27121138687","0,312859668537575","703,825661540811","228,005536001886","3,08687970424977","0,00417453281640108","0,0163728134931495",0,1,0,0
2,3,40252,"1203,45288552989","0,349252193893467","337,098946640672","194,346124212159","1,73452878469897","0,00846296540507442","0,0167881348794106",1,0,0,0
3,0,83128,"2895,79307268756","0,124572490214437","744,18114429013","260,182172971793","2,86023110572918","0,0143504854403585","0,0137160234224015",1,0,0,0
3,1,495975,"7803,39646200539","0,102353407448127","2207,67441536653","567,518589676023","3,89004775443007","0,00369182453388207","0,0061928836783467",0,0,1,0
3,2,108907,"3183,1870837144","0,135064536051404","581,445764547682","339,998980899655","1,71013972750491","0,0113874692414219","0,0126911372458469",1,0,0,0
4,0,256541,"3255,86204845838","0,304112769582616","1043,13747386889","360,096297483075","2,89682921251896","0,00347855509332912","0,00621893120834208",1,0,0,0
4,1,1776450,"18912,0846968707","0,0624142913646912","2586,74371031702","1530,23827245364","1,69041890853333","0,00282838325010434","0,00573131565145293",0,0,1,0
5,0,97161,"1918,95036021294","0,331569335635318","847,42807074548","152,328227779734","5,56317160054444","0,00317011137435697","0,00938228112741364",0,1,0,0
5,1,1094056,"8674,8047583821","0,182696403562958","2179,41513729707","708,630706399331","3,07553019875618","0,00217242593823651","0,00628460896816302",0,0,1,0
5,2,93633,"1845,83766184074","0,345343905818736","819,731444703174","153,495840445712","5,34041471301688","0,00681581306928212","0,0128278634299687",0,1,0,0
6,0,73059,"1972,2955980045","0,236014984306046","686,545019564746","190,90394699415","3,59628509716346","0,00412963760209338","0,00784010821965703",1,0,0,0
6,1,1429900,"9180,87077556009","0,213180649502538","2000,64542102746","1217,49714177062","1,64324444993596","0,000731792427429526","0,00529387353715327",0,0,1,0
6,2,274111,"4861,81154211954","0,145727021128784","967,357912935359","443,666853270525","2,18037003622066","0,00564476069964934","0,012536627007903",0,0,1,0
6,3,96175,"1927,94530957906","0,325149161934191","685,85045521879","219,060362886885","3,1308742767533","0,00475846505793526","0,0131592543821919",0,0,0,1
7,0,64019,"1780,82250993909","0,253674887744365","646,932888013366","181,889718476135","3,55673148231436","0,00502203844602701","0,0086119868108897",1,0,0,0
7,1,1451730,"12544,287440101","0,115932105096781","2875,57062507959","885,519907823135","3,24732465038373","0,00207210263073055","0,00546368135460741",0,0,1,0
8,0,1077552,"12275,5036021294","0,0898606312708164","2279,56303278498","1116,415000349","2,04185991058198","0,001518772485598","0,00385300309285089",0,0,1,0
8,1,165734,"1871,74429945228","0,594467940204252","638,29833821525","337,554369885143","1,89094971110117","0,0031948392373876","0,00801909036719588",1,0,0,0
9,0,1404860,"9753,74083324517","0,185566889321397","2329,16721938092","822,02203465876","2,83346080904974","0,00123752139381912","0,00543903444395658",0,0,1,0
9,1,142328,"2976,80526599638","0,201836338987944","631,901126080709","392,896261665653","1,60831544540998","0,00196901991495416","0,00508112560085878",1,0,0,0
9,2,139990,"1832,24682476923","0,524009212224469","642,796059100607","281,640636667866","2,28232710558258","0,00218857585027687","0,0117324477314499",0,0,1,0
9,3,45464,"1105,64675298173","0,467352658389118","318,377461279601","199,613819912703","1,59496702893034","0,00347981429627765","0,00817534264701144",1,0,0,0
10,0,30915,"1216,2914139224","0,262605509203972","548,815490622222","79,3567128026741","6,91580423683739","0,00648800497505684","0,0154644765000981",1,0,0,0
10,1,491411,"5987,3090168026","0,172262755834158","1940,30485807459","472,286548680101","4,10832123738683","0,00318733638234453","0,00659717214441327",0,0,1,0
10,2,207459,"2653,03362133363","0,37038776882888","923,773520905657","330,985531588234","2,79097855568771","0,000836746080089407","0,00410298723767224",1,0,0,0
10,3,67201,"1653,32799384886","0,308935318661695","386,315350756274","265,785852866549","1,45348349654352","0,00178715510368078","0,00573290254821422",1,0,0,0
11,0,290133,"4813,65216255311","0,157346679835765","898,308686871249","612,918879733585","1,46562410879187","0,00563719166777555","0,00947134145822391",0,0,1,0
11,1,106802,"1919,55757467538","0,364239435291892","837,206722178554","169,245345116964","4,94670457022003","0,00183514503689346","0,00598250677847218",0,1,0,0
11,2,423865,"3932,61139854454","0,344409683387537","905,487606426174","654,066887388146","1,38439603637789","0,000934663270261969","0,00404697068644973",1,0,0,0
11,3,156084,"3789,38095116624","0,136594028940426","846,357759425937","548,934027415268","1,54182054155238","0,00404410424105098","0,00485333336069998",1,0,0,0
12,0,506421,"9502,12856814886","0,0704822510175767","1879,75109970619","560,181532811165","3,35561061835261","0,00449012785708152","0,00708767743508651",0,0,1,0
12,1,963268,"8822,62813487297","0,15551097638633","2140,5045001464","678,723355339982","3,15372159113957","0,00273800588565776","0,00754488958146496",0,0,1,0
13,0,1190764,"9630,82914499974","0,161327425609383","2199,18441094105","811,801254884254","2,70901824517949","0,00278831551393455","0,00598257977033",0,0,1,0
13,1,122778,"1704,40620433566","0,531109666352589","644,480313341779","258,111107728676","2,49691041587893","0,00136506887704529","0,00587419125475225",1,0,0,0
13,2,205346,"3255,91796436859","0,243416046060895","733,605540602812","470,872677641697","1,55797007436697","0,00207359351417391","0,00581579179994343",1,0,0,0
13,3,131769,"1875,58491988585","0,470705908271581","696,809911635177","252,04696595239","2,76460345000463","0,0055436286297161","0,00912032919565221",0,1,0,0
14,0,1231980,"9445,97337266453","0,173508233228247","2352,05283230189","766,033217135418","3,07043190776687","0,00236827378240758","0,00720345639887667",0,0,1,0
15,0,117017,"2076,02857069975","0,341186761547772","826,620478168492","187,693074304577","4,40410751025955","0,00600939065643807","0,010594527791945",0,0,0,1
15,1,39395,"1526,5828278448","0,212427248189581","297,267672059637","207,085704794314","1,4354813740277","0,0113136507678952","0,0172028763807402",1,0,0,0
15,2,1490839,"11971,0730111761","0,130729755875035","2403,24891666834","897,157620842648","2,67873655736337","0,00226680078104824","0,00534514416506483",0,0,1,0
16,0,102976,"1477,28636328852","0,592947857670377","450,825532613271","311,816751286895","1,44580280165409","0,0012246303866631","0,00422898070105744",1,0,0,0
16,1,246038,"4141,54747340761","0,180254769237265","1405,2061174613","257,563133249972","5,45577350193788","0,0071741659204734","0,0100780508778961",1,0,0,0
16,2,39276,"1187,30360723122","0,350117275965635","382,322984890802","165,178056656064","2,31461123003088","0,00484972505248059","0,00804346661659099",1,0,0,0
16,3,450393,"5184,30396616872","0,210581677896399","1494,00254722871","570,351890205588","2,61943998588343","0,0029861353585466","0,00772074422381379",0,0,1,0
16,4,151786,"2439,39401102684","0,320536635261884","597,631533014401","473,733680355971","1,26153481965929","0,000906053517981408","0,0032700437163613",1,0,0,0
17,0,84218,"2253,65093706383","0,208373020719988","679,094773063242","217,453281513417","3,12294562002892","0,00553475398599483","0,011680555977693",1,0,0,0
17,1,692973,"17985,3109601669","0,0269209434452196","1599,92396917294","1168,74692528955","1,36892250542312","0,00381418989782322","0,00830593205497169",1,0,0,0
17,2,54471,"1205,95541084683","0,470665874923884","450,601549618045","159,740564318291","2,82083359064764","0,00942027124022011","0,0187118800495994",0,0,1,0
17,3,41620,"1228,80108191428","0,346376779333529","360,901731620094","165,224431965979","2,18431213426357","0,00836712236918469","0,0139268062315641",0,0,0,1
17,4,135970,"3772,04999872456","0,120087576444833","1030,90423985264","461,27860813732","2,23488412787124","0,002942364385541","0,00633195007097248",0,0,1,0
17,5,37419,"1229,52900397563","0,311045902849418","360,15493000443","164,171978501169","2,19376615481226","0,00489091774006499","0,0191117479398783",1,0,0,0
17,6,60481,"1676,83261120685","0,270302090223747","501,108373685419","185,597144048827","2,69997890459772","0,00694862431176258","0,0106729283948029",1,0,0,0
17,7,41631,"1415,3696244092","0,261148157031619","438,604732399497","142,766272679981","3,07218731823765","0,0059638186416359","0,0164108658437902",1,0,0,0
17,8,46238,"1670,60721446244","0,208190160281961","401,096468963954","202,618750237655","1,97956244668127","0,00528227215519816","0,0113789687230856",1,0,0,0
17,9,43121,"1144,39906166072","0,413755425620999","487,365292124641","119,893963129213","4,06496940633611","0,00736004229588888","0,0158299187148171",1,0,0,0
17,10,37277,"947,570634535977","0,521708161736733","323,106703423892","153,694206669397","2,10226989309303","0,00431650670071525","0,0111691127059172",1,0,0,0
18,0,36842,"922,96046148071","0,543484132131165","343,698696666304","154,706000639419","2,22162485776735","0,00200886824991783","0,00592776430309182",1,0,0,0
18,1,54086,"1411,11688245431","0,341325513567599","585,31625168906","131,113970765985","4,46417912804841","0,00363052074696383","0,00601174588072167",1,0,0,0
18,2,1604225,"11131,9876580144","0,162678332358961","2446,43335114671","979,025890422459","2,4988443871398","0,00131712317827819","0,00507620616945787",0,0,1,0
19,0,311013,"3497,34227919873","0,319530361167347","1063,87308159998","442,04839002005","2,40668918973265","0,000819015580053469","0,00338365796296366",1,0,0,0
19,1,541701,"7348,85230612811","0,126046404805963","1250,71568537556","820,242404655231","1,52481227290519","0,00356787989015931","0,00531348869645653",0,0,0,1
19,2,489297,"6536,17193181275","0,1439247493316","1498,46891404029","530,675606965054","2,82370038187749","0,00262028049066823","0,00451894215541712",1,0,0,0
19,3,59329,"1641,19004230723","0,276795576768179","700,75896942234","145,714370375809","4,8091273881569","0,0110644448193721","0,0084859842487304",0,0,0,1
20,0,46699,"1192,70057685089","0,412529097067028","373,361856209365","195,381147599219","1,91094105443189","0,00945267149308637","0,0134489352317134",1,0,0,0
20,1,1527331,"9959,22820666047","0,19350476451639","2499,42396407899","818,449893060194","3,05385092633296","0,0015648193472288","0,00691227588040436",0,0,1,0
20,2,36869,"1032,31580054004","0,434756489233107","410,318294715739","125,376007077823","3,27270188514656","0,00464336246765764","0,00958070557439118",1,0,0,0
21,0,237250,"4041,03780541574","0,182570354242345","843,015988077964","430,337773502838","1,95896349329512","0,00394460072415484","0,00724507877167534",1,0,0,0
21,1,139897,"2670,29263941167","0,246547468804444","745,120506961905","311,328878513977","2,3933549323098","0,0038288595966218","0,00730241201569132",0,1,0,0
21,2,116921,"2447,71695424181","0,245233611027473","685,906747739564","283,349772775707","2,42070689176981","0,00607168495245131","0,00983466597517756",0,1,0,0
21,3,328537,"3891,9566363361","0,272557517900713","1126,46481615825","425,461139394669","2,64763267865297","0,0026653008593178","0,00512454986525236",1,0,0,0
22,0,142694,"1670,54119728445","0,642541519196049","519,106701401121","360,829206259785","1,43864934543958","0,00125485943633769","0,00475045130099639",1,0,0,0
22,1,1023026,"12379,0385232907","0,0838924169158046","2106,20765471486","1145,61401195611","1,83849676482095","0,00254393505100127","0,00473939654527198",0,0,1,0
22,2,42331,"1763,23463146041","0,171099278328354","441,161613544394","228,397389214805","1,93155278640022","0,0109465871114047","0,0109385205092543",1,0,0,0
22,3,74693,"2047,27626202075","0,223942676915766","691,862811790867","163,173733467513","4,24003788531695","0,0102209504291192","0,0114359427753165",1,0,0,0
22,4,191384,"2378,5697679842","0,425092753854173","683,881313222075","386,846559146831","1,76783610207194","0,00263388568112323","0,00937606657997471",0,0,1,0
22,5,114869,"1879,71991283464","0,408532319706662","663,298818895018","234,891815684824","2,82384814882195","0,00895967039964172","0,0164006527656813",0,1,0,0
23,0,139683,"1907,83470324791","0,48224965914422","780,308094477523","234,20596647868","3,33171740331626","0,0019713980245557","0,0075395249456531",0,0,0,1
23,1,1416460,"15599,8652173119","0,0731429524214463","1824,97223626146","1562,24419516978","1,16817347883512","0,00251670436206105","0,00474492369547333",0,0,1,0
23,2,52457,"2214,33008588991","0,134440027368215","766,406812110867","157,61624699471","4,86248611246651","0,0173078808379143","0,0158095096136829",1,0,0,0
23,3,129617,"1814,8742417672","0,494514187405715","665,765874584206","255,427563840431","2,60647623370874","0,00591923055472942","0,00998886115445178",1,0,0,0
24,0,1510066,"10242,4990591098","0,180881407126634","2459,72362658971","1051,84041202057","2,33849507822638","0,000967432170644316","0,00305327367603016",0,0,1,0
24,1,37395,"1375,0437226014","0,248536619008607","409,515169745514","194,623254929353","2,10414305265918","0,00837130802488577","0,0105384669891326",1,0,0,0
24,2,135203,"2097,73419818452","0,386095976249404","870,377651697033","207,743778988902","4,18966890817718","0,00175884981974213","0,00442082667948679",1,0,0,0
25,0,1732834,"11456,9653634378","0,165892833240517","3098,46148612776","882,304701439147","3,51178167936065","0,00183888425014483","0,00563569613839116",0,0,1,0
25,1,60385,"1964,18080759124","0,19668715947499","799,94569389292","110,021831824586","7,27079053881159","0,0129716224142833","0,0144211442062386",1,0,0,0
25,2,42359,"1809,31074990615","0,162603255274515","357,11118386696","238,599377137508","1,49669788811374","0,0115828095378349","0,0164308624673342",1,0,0,0
26,0,921122,"8181,93347520774","0,172908017348139","2348,26637547777","614,99455369588","3,81835312421158","0,00130015685860698","0,00445133574584531",0,0,0,1
26,1,854763,"8099,23412384613","0,163744858460134","2094,83654750051","678,712099127034","3,08648770251025","0,00263398133147842","0,0070884271769772",0,0,1,0
27,0,62829,"1277,61940777126","0,483689890896642","435,553231101937","203,897165128072","2,13614167135849","0,0107671618431878","0,0148586816482168",1,0,0,0
27,1,101863,"1877,57481861808","0,363104659974612","688,444181195947","199,73870302387","3,44672399877191","0,00600486667622342","0,00714706734963851",1,0,0,0
27,2,1493440,"9354,3093757401","0,214473769437787","2415,25565363949","832,238191458224","2,90212066500763","0,00180921621229598","0,00653608055288653",0,0,1,0
27,3,54470,"1807,13412639702","0,209597676846385","481,418160726004","234,049087923797","2,05691107364087","0,00831623859093026","0,00808963787845354",1,0,0,0
27,4,46737,"1085,67113959937","0,498280750380614","380,294432395901","172,550326317289","2,20396240628723","0,00687279422108256","0,0113732303458086",1,0,0,0
28,0,109775,"2829,58491988585","0,172293084176065","728,610454378073","360,491730356181","2,0211571945303","0,00429493619727087","0,00570077097377032",1,0,0,0
28,1,193659,"3110,66017177982","0,251502560990704","963,885558499552","315,312576496333","3,05692075213105","0,00420806809082149","0,00736438736432858",0,1,0,0
29,0,635158,"8637,52553776852","0,106982550572239","2379,05238031975","725,170333657692","3,28068078615411","0,00230146927935965","0,00482719699376661",0,0,1,0
29,1,70425,"1481,8305191658","0,40303211118716","424,865751170739","263,134669942304","1,61463235256645","0,00123057180207469","0,00397066193699331",1,0,0,0
29,2,133789,"2070,71904628287","0,392091940506751","797,516776002871","218,190784998332","3,65513500494059","0,00291736809670687","0,00603695806043624",0,1,0,0
29,3,1241517,"9830,57221896275","0,161437691492094","1595,58454029707","1284,07421807116","1,24259526267402","0,000927981259815978","0,00436945148498858",0,0,1,0
29,4,737583,"8402,92842457386","0,131268170932368","1429,08742084192","1114,13362057821","1,28268943190159","0,00175131350567889","0,00519243343154358",0,0,1,0
30,0,743619,"10408,4241661534","0,0862562110408381","2014,80595575754","583,856432607027","3,45085853856411","0,00199535304017597","0,00491360608385013",0,0,1,0
30,1,76165,"1950,66313037265","0,251536352870343","653,659723560369","170,172284943116","3,84116440452609","0,00166148138352492","0,00377209693701002",0,0,0,1
30,2,38608,"852,274169979695","0,667926255968746","286,257058040633","179,166641610627","1,59771403575639","0,00206410407182077","0,0119807292058607",1,0,0,0
31,0,51849,"2201,57777721091","0,134425661749232","398,559281717855","308,683143054495","1,29115985334999","0,0156575357208433","0,0176695721191345",1,0,0,0
31,1,736011,"11463,571352411","0,0703808150893641","1862,44163855946","980,058227525044","1,90033774142452","0,00387589003031269","0,00666944908083439",0,0,1,0
31,2,186591,"4282,19927702322","0,127869453370374","1441,13067393107","272,965029607887","5,27954322940652","0,00931153483004119","0,0096484720289004",1,0,0,0
31,3,108143,"1922,72914755063","0,367597083589048","846,06710104994","169,829116548771","4,9818730630149","0,00226963075835341","0,00735501436919211",0,1,0,0
32,0,382149,"2779,04076400857","0,621802919838638","900,91139165087","552,316384647561","1,63115094299756","0,000743960200924614","0,00359905282543187",1,0,0,0
32,1,975680,"7493,94776055761","0,218321217212933","2099,90270418399","710,517371758154","2,95545582367373","0,00209102492634877","0,00594932779790911",0,0,1,0
32,2,141396,"2496,83975388179","0,285013641469251","774,84403082675","261,80744136615","2,95959513902087","0,00475501209891333","0,0130892132170334",0,1,0,0
33,0,787996,"10534,1470375808","0,0892349788223501","1722,27657091741","925,336186962351","1,86124415664669","0,00242915928105133","0,00434597408207483",0,0,1,0
34,0,3023894,"22203,1225022864","0,0770811733754836","2787,29602581284","1883,18857443852","1,48009395535117","0,00139514311280129","0,00439515926187751",0,0,1,0
34,1,37245,"1201,87214972614","0,324012152539458","368,283710223309","159,993936485204","2,30186042242524","0,0132209179603398","0,01789529881584",1,0,0,0
35,0,97216,"1572,66608896548","0,493940420670956","442,135122315048","298,940480031163","1,47900719992474","0,00385779626897464","0,00688552124153698",1,0,0,0
35,1,31132,"877,788888605457","0,5077345624426","277,51458394643","178,123520282269","1,55798955414006","0,0023333526511355","0,00570966953693202",1,0,0,0
35,2,137092,"2075,952452254","0,399748802969265","833,444127573442","214,312127001528","3,88892658215043","0,00512094520814636","0,00982765622848309",0,1,0,0
35,3,154284,"2244,51089348115","0,38484630299502","703,644531929578","298,383030592605","2,35819218851723","0,00431342487971749","0,00974835455972921",0,1,0,0
35,4,118373,"2226,15346238077","0,30015965612423","819,289773773246","209,950440317103","3,90230081220984","0,00530761402560884","0,0109855028034899",0,1,0,0
35,5,410332,"5713,36789130565","0,157964999891945","1969,85940182275","309,594463614024","6,36270874752659","0,00150169460179453","0,00530383377306148",1,0,0,0
36,0,1028180,"10394,0393898425","0,119594249879767","2284,25731976981","997,993159554206","2,28885067788458","0,00111008313581008","0,00338934595204422",0,0,1,0
36,1,47380,"991,404112294606","0,60576403955629","313,260403467766","208,565562225103","1,50197568632959","0,0018234398450141","0,00605721101518666",0,0,0,0
37,0,179032,"3448,28549673674","0,189205647905158","760,63348639226","337,440599722254","2,25412557652617","0,00191123262808493","0,0057624384355718",1,0,0,0
37,1,729624,"7114,24213307284","0,181155569436877","1487,84737183743","706,519565238193","2,10588275971638","0,00188117416777325","0,00643123681838412",1,0,0,0
38,0,437371,"5092,74761698261","0,211911994575997","1469,83133798906","563,534649376364","2,60823596138347","0,00321878265945023","0,0076988000801291",0,0,1,0
38,1,156860,"1861,0609665441","0,569116102741499","699,827575091443","300,555806684694","2,32844469987438","0,000894338767842179","0,00447858267438596",0,0,1,0
38,2,45339,"1580,70057685089","0,228025059398065","493,742920214086","191,585644099443","2,57713944348465","0,00154867409994373","0,0049511410070849",1,0,0,0
39,0,119673,"2533,50165876516","0,234295342943394","533,253817567769","384,825460704025","1,38570305767243","0,00929930359179513","0,0161657809151",1,0,0,0
39,1,169005,"3645,70981156688","0,159788390879782","1502,92511955585","203,337655282178","7,39127790900406","0,00736408018729108","0,00879127144314887",1,0,0,0
39,2,1363983,"9430,91954879537","0,192712879822698","2335,12084524024","793,499910879645","2,94281172968452","0,00267524933529851","0,00672718277210275",0,0,1,0
40,0,961075,"10148,6626227584","0,11725989845979","2181,62529458068","1047,26885286719","2,08315685949017","0,00120390296488189","0,00339391895488226",0,0,1,0
41,0,1332281,"9701,0616844191","0,177896402732197","2332,1738123401","785,04133468678","2,97076562633559","0,00248806048615916","0,00664333358519226",0,0,1,0
42,0,923601,"7616,93852584162","0,200047605506649","2558,07599615739","604,942229497821","4,2286285721546","0,00145986794659823","0,00557085991132109",0,0,0,1
42,1,263616,"2652,7392488184","0,47075235771336","701,710838574006","512,572261809622","1,36899885315026","0,00225685345185681","0,00695208677880864",0,0,0,1
42,2,432282,"3457,46421228693","0,454424386079484","995,585025841184","572,905685450632","1,73778171717407","0,00147219712989861","0,00589971413293632",0,0,1,0
42,3,68769,"1378,36457377532","0,454856461122518","487,175740474986","199,717475045419","2,43932455266719","0,00342608298653714","0,00681805434236917",0,0,0,1
43,0,142395,"2515,85194719061","0,28270562100704","524,538564597291","390,912654476792","1,3418306074009","0,00796331217937561","0,0112491286938121",0,0,0,1
43,1,1119938,"9552,96709654137","0,154215235327544","2079,37195758846","890,169959828689","2,33592690320468","0,00170202001436571","0,00497782623575489",0,0,1,0
43,2,87808,"1757,81031663027","0,357108289334864","688,657415132319","172,57849600064","3,99040107018759","0,00288415586602135","0,0081186677817191",0,1,0,0
43,3,1584165,"7957,13361878274","0,314410452812137","2042,29742216703","1094,34018254344","1,86623634473549","0,00101424474839955","0,00545355154454684",0,0,1,0
44,0,136434,"1919,97979746447","0,465092309303996","482,357533491782","446,589924721038","1,08009049642821","0,00175561566219448","0,00685154292143247",0,0,0,1
44,1,753613,"5786,69465966523","0,282811530128691","2177,08683099235","473,887809506016","4,59409756343333","0,00219549736949963","0,00602751933340186",0,0,1,0
44,2,1288941,"12206,0953057527","0,108714979720333","2620,27324424915","1025,51514744155","2,55508000129124","0,00120094522709966","0,00344030870988699",0,0,1,0
45,0,55908,"1898,96760415565","0,19482680512806","445,650647748566","231,773380511653","1,9227861576026","0,00539888229029839","0,00904660698412709",1,0,0,0
45,1,1089537,"22058,801292175","0,0281376634069118","3022,57781078333","841,473222935367","3,59200712322071","0,00229979486067478","0,00770185049915068",1,0,0,0
45,2,84457,"2435,85194719061","0,178872566641182","552,51230570407","367,033758879767","1,5053446511035","0,00326822167662346","0,0108544898168737",1,0,0,0
45,3,56347,"2007,11688245431","0,175766188310121","543,266817174212","246,933694301833","2,20005138913997","0,00438158817678794","0,0143634078560222",1,0,0,0
46,0,66956,"1259,64675298173","0,530275816912557","419,369226788386","226,097795584726","1,8548134257737","0,0017505737961771","0,00503089821320235",1,0,0,0
46,1,148108,"2162,39314447506","0,398032990699051","823,28654810358","236,963225356394","3,4743220044602","0,00395648262274824","0,0071865823586168",0,0,0,1
46,2,838226,"5391,01464428737","0,362434864869987","1212,55289022393","1033,97660009725","1,17270825095064","0,000950775047803398","0,00521654298063493",0,0,1,0
47,0,706176,"14902,2820305296","0,0399592438092197","3248,28202732846","530,581777496502","6,12211380996755","0,00166016326386008","0,00615038277607941",1,0,0,0
47,1,64886,"1751,13412639702","0,265902268712344","576,149173813525","179,623129173767","3,20754446525736","0,00261768232385972","0,00674958467858915",1,0,0,0
47,2,59566,"1958,47222151364","0,195152207918698","390,915817581847","256,265470481958","1,52543304740452","0,00327731991194921","0,00773798204428225",1,0,0,0
47,3,159957,"4553,02770414797","0,0969644477997987","1330,9823064521","255,072952046378","5,2180456444872","0,00205498885007915","0,00677868070249275",1,0,0,0
48,0,1653216,"9757,22402257836","0,218216160982608","2462,66151453461","913,435968313602","2,69604175876849","0,00187638288753238","0,00631193015155647",0,0,1,0
48,1,36879,"1762,21529547665","0,14923512972459","885,497489769226","96,7548445711475","9,15197056740746","0,00313501727402617","0,00675971568965688",1,0,0,0
48,2,310899,"3086,32712729708","0,410152418720862","745,744212711039","599,45256452634","1,24404207579009","0,00201895204096245","0,00790777608010002",1,0,0,0
49,0,52698,"1321,24473272817","0,379347703469113","440,068022780633","176,468968773227","2,4937416807039","0,00397878462717964","0,0129709554680128",1,0,0,0
49,1,723019,"15523,51666199","0,0377032987983098","3434,70100727533","431,678298398386","7,95662191038737","0,00187725207161666","0,0063071414493777",1,0,0,0
49,2,34898,"1162,25692603699","0,324643055006817","306,607342277069","187,023540249012","1,63940508167494","0,00646153792731342","0,0139097999885039",1,0,0,0
49,3,242128,"6028,8653659887","0,0837112270186973","1424,57841533741","333,679494648227","4,2693016447991","0,00285168350410921","0,00861511416619612",1,0,0,0
49,4,217259,"5715,68665043851","0,0835700798508082","1790,91709754271","244,849417651946","7,3143612703564","0,00261734971942195","0,00914100217085834",1,0,0,0
50,0,2241901,"14245,9127650579","0,138817984150541","2310,24351568726","1876,6370298461","1,23105506229765","0,00111939572376217","0,00414846698545289",0,0,1,0
51,0,94921,"1784,28131265463","0,374667062127141","776,184826092105","168,865836200737","4,59645860616487","0,00547931584517253","0,0101871215137347",0,0,0,1
51,1,1163548,"18783,553600854","0,0414418038702076","2708,25307711587","1150,54415256227","2,35388887170003","0,00194334042452149","0,00438694575469706",1,0,0,0
51,2,86460,"1773,29350596345","0,345512566830866","681,450942544182","178,405168539276","3,81968161642223","0,00378168771373502","0,0094619587014521",0,0,0,1
52,0,279452,"3193,92806563636","0,344244353079923","890,782987753648","536,310377600488","1,66094676694326","0,00167867362318424","0,00471181595808137",0,1,0,0
52,1,104113,"2883,31074990615","0,157373615525805","1341,92662979457","161,976671652298","8,28469072802763","0,00255845088516828","0,00472383858109015",1,0,0,0
52,2,368025,"3959,36074863071","0,295010204530106","1020,04959914869","497,547717360587","2,05015431396188","0,00178113802086178","0,00685053726691275",0,0,1,0
52,3,88214,"1826,7220048757","0,33220216509379","779,025390492853","148,762853746539","5,23669297054592","0,00254092540088682","0,00554483334268415",0,1,0,0
52,4,74060,"1424,20519420888","0,458826445016105","600,248104343214","161,433097682043","3,71824683390179","0,0028969128379911","0,00826186090512881",0,1,0,0
52,5,38163,"952,801081914276","0,528260195945654","337,283924620617","160,709650757106","2,09871605738465","0,00564428187853217","0,00955372176103797",1,0,0,0
53,0,1105818,"14832,72394824","0,0631613916905405","2552,50539947365","1070,96930994069","2,38335998593182","0,0015332891722854","0,00392026285560034",0,0,1,0
53,1,33261,"1062,07315985292","0,370541025252586","329,801018143655","154,0198447464","2,14128912210427","0,00651359062292369","0,0105666974340153",0,0,0,1
54,0,261769,"2843,34942187367","0,406881187458611","701,663624282326","527,341384698862","1,33056809998519","0,0021076525848353","0,00543283001492659",1,0,0,0
54,1,171063,"4014,51385207398","0,13338286038824","1574,95243730653","188,651351167482","8,34848214741017","0,0036884536965723","0,00788350824431179",1,0,0,0
54,2,956271,"7083,98643252513","0,239461339778361","1607,87705370441","939,309868598092","1,71176425102841","0,000844929165118697","0,00476517034123191",0,0,1,0
55,0,133620,"1905,25605948521","0,46256698066174","774,714738508464","232,473030458554","3,33249296479826","0,00251904998490781","0,00522925631616331",0,1,0,0
55,1,279125,"3452,47640559575","0,294270794336006","809,019911992268","512,272551816038","1,57927632297347","0,00200632250447346","0,00546811631624499",0,0,0,1
55,2,460735,"5199,55165748972","0,214155520643706","1155,45576659071","729,193878989296","1,58456591570987","0,00101474344954477","0,00417309556500989",0,0,1,0
55,3,413101,"5041,17698244664","0,204268886274264","1151,48171812404","545,877417714112","2,10941445965272","0,0013913914007052","0,00459607097144838",0,0,1,0
55,4,115883,"2057,47431355469","0,344001827548976","850,662420280319","178,522821527453","4,76500658572387","0,00316247881230654","0,00990577048698944",0,1,0,0
56,0,270799,"3002,68037431536","0,377431992251784","782,996098259355","473,490453810205","1,65366818266037","0,00189237863546447","0,00436573486342105",0,0,0,1
56,1,29154,"797,521861300698","0,576000446828926","312,822824399391","124,697217950115","2,50865921102214","0,00731777888093303","0,0125836737811677",1,0,0,0
56,2,110636,"1632,63160108008","0,521590812354081","620,972387242097","231,372014665173","2,68386990596391","0,00268842234176814","0,00784626332001617",0,1,0,0
56,3,635966,"5832,04408153889","0,234964454035413","1300,84299853396","658,619459408277","1,97510562427456","0,00409033495226534","0,00825335979240482",0,0,1,0
57,0,161464,"2134,25396744416","0,445444269637087","815,277926043303","259,848252178825","3,13751552764818","0,00515193822051071","0,00996407815507334",0,0,0,1
57,1,588514,"5986,85822331377","0,206333010803918","1610,622197853","615,871556441908","2,61519172464807","0,00159830323658479","0,00465241599514758",0,0,0,1
57,2,686925,"6847,50410974372","0,184100336905946","1833,68220734667","557,406049527788","3,28967044562952","0,00114960786127534","0,00517178402356175",0,0,1,0
57,3,43533,"1183,29350596345","0,390700078704298","419,711694673675","158,190338369946","2,65320688354641","0,00218865095655016","0,00489716694148186",1,0,0,0
58,0,1307716,"7736,40988080349","0,274564484457755","2122,85850044397","979,693025185109","2,16686088996384","0,000578949163968115","0,00366162195288809",0,0,1,0
58,1,163169,"3008,01846943198","0,22661388636858","887,591241437888","280,302471191309","3,16654804242557","0,0032173927587081","0,00699091563148112",0,0,0,1
58,2,482699,"4728,99617485539","0,271236628658103","1166,80301764279","570,180600598602","2,04637445822924","0,00162202292017562","0,00589595979254029",1,0,0,0
58,3,190985,"3359,62359185336","0,212631634907886","957,276174422939","380,638368413567","2,514922965892","0,00304185286868384","0,00935871505126911",0,0,1,0
58,4,93299,"1668,03571337468","0,421382177716715","654,077849073015","187,828066194709","3,48232222331978","0,00298787686911356","0,00518318201598556",0,0,0,1
59,0,616725,"6835,56594283959","0,165864125413929","1872,61367862029","640,320088839811","2,92449621877905","0,00226634501350118","0,00512752369834642",0,0,1,0
60,0,69469,"1383,64675298173","0,455984893284329","505,690003823609","227,260972020759","2,22515110855645","0,00453574958257062","0,0061913621789576",1,0,0,0
60,1,1024644,"6759,28167159213","0,2818264667873","2135,22213362721","698,202915322722","3,05816845900776","0,00112960432124765","0,00493204108280053",0,0,1,0
60,2,428702,"3684,40028715","0,396854910713894","1051,78669599843","547,159284310957","1,92226784074944","0,00158351274566472","0,00387828988607985",1,0,0,0
60,3,97305,"1432,44069222107","0,595925159567288","448,122550771904","317,590463359829","1,41100757885221","0,00154661944449369","0,00635890584680227",1,0,0,0
61,0,1026998,"5338,59415460184","0,452820050347191","2239,82854355089","621,756532022869","3,60242060708823","0,000752037522839486","0,00309560391876579",1,0,0,0
61,1,112986,"2143,2173875177","0,309102167070091","966,736401446053","153,246680627405","6,30836764286279","0,00402758290088178","0,00974249172831664",0,1,0,0
61,2,433022,"5928,87250866364","0,154801656038843","1266,11384418737","589,665279017121","2,14717381070458","0,00159369664033021","0,00455423346186012",0,0,1,0
61,3,38501,"966,399061660723","0,518046655886845","315,332262086324","172,434989826227","1,82870229762593","0,0053932484316682","0,00783124614580153",1,0,0,0
61,4,103023,"1662,07020126009","0,468646448075874","661,141207748759","208,501885492208","3,17091236939182","0,00439805964633355","0,00770432009682204",1,0,0,0
62,0,503843,"5029,13239329346","0,250333491007506","1521,34432224705","481,989542352478","3,15638450332703","0,00128159432759262","0,00451239804578143",0,0,1,0
62,1,268654,"6457,91204718293","0,0809503858969638","1366,71215339958","801,926093922947","1,70428692089785","0,0012427296741135","0,00330495270526139",1,0,0,0
62,2,124414,"1751,99408281434","0,50934711090379","684,153233327205","235,80992299699","2,90129111036578","0,00246684789011962","0,00624482248654187",0,1,0,0
63,0,628416,"8039,87164211186","0,122168394794017","1479,2666328393","746,932102649016","1,98045662730661","0,00220399716789576","0,00564886796638475",1,0,0,0
63,1,477957,"4926,54956544867","0,247464540694459","1215,73544002206","631,69852531184","1,92455006828124","0,00291656609767798","0,00906258364659244",0,0,1,0
63,2,188591,"2844,74639149334","0,292848980855124","729,013257753072","395,318249243018","1,84411738934146","0,00260576581800715","0,00713615324317319",0,0,1,0
64,0,115827,"1738,56558390209","0,481545707096852","469,595482328068","354,595845695014","1,32431185539597","0,00249434958145152","0,00521169229900388",1,0,0,0
64,1,449866,"5519,74848353439","0,185547222477761","1992,96864140425","340,630789174325","5,85081767339684","0,00269864973020747","0,00470518632069238",1,0,0,0
64,2,934500,"6282,16305603426","0,297557403753241","1561,53049354707","924,363466829773","1,68930355815829","0,00162152014223106","0,00339225894396955",0,0,0,1
65,0,94610,"1833,56053326821","0,353635944794361","599,350355959354","212,332169886142","2,82270160136705","0,00394322992524123","0,0103774375705525",0,0,0,1
65,1,35364,"887,043722601396","0,564782448978064","232,045212260109","206,75475400686","1,12232104831026","0,00273518208046741","0,00677783955660156",1,0,0,0
65,2,100181,"1820,5828278448","0,379816950356667","708,822159080885","185,898468553947","3,81295319210867","0,00488436922393981","0,0122588821648353",0,0,1,0
66,0,33410,"718,676190233249","0,812867623302518","236,43965714813","184,763102000375","1,27969088301868","0,0103922071194808","0,014931257574542",1,0,0,0
66,1,97723,"1503,49451609023","0,543254031847454","517,604990968273","257,750155577567","2,00816558115522","0,00417059165063388","0,00730850687653786",1,0,0,0
66,2,151094,"2067,74429945228","0,444082253654959","846,269578643257","235,082930023703","3,59987676926576","0,00307914160658622","0,0117820983714854",0,1,0,0
66,3,500499,"4812,28253814391","0,271588166267881","1114,81916638016","648,93070416483","1,71793252996854","0,00157721946004826","0,00543986803014818",0,0,1,0
66,4,82688,"1468,447834896","0,481876009407045","616,687408315723","174,443293518333","3,53517407220309","0,00345607765138557","0,0105281920360681",0,1,0,0
66,5,146874,"3309,27330342792","0,168534770959668","744,114411180921","331,319924740233","2,24590903117081","0,00298953361321562","0,00654560570088932",1,0,0,0
66,6,206558,"2279,07525189397","0,499729000640725","648,447165559657","417,07497901649","1,55474962101243","0,00112701931894389","0,0044957368285481",1,0,0,0
67,0,721797,"5487,3220766632","0,301234030893097","2169,6028868071","476,287944203905","4,55523368418133","0,00095505474534559","0,00334326669596822",1,0,0,0
67,1,53979,"1311,47012947259","0,39438273269752","572,911515832096","133,06105323116","4,3056288968103","0,00354888719862568","0,0106423571614836",1,0,0,0
67,2,1756358,"13700,2660120762","0,117588515531614","2551,91611618158","1247,28666025231","2,04597403107427","0,000938444467185012","0,00407120998419618",0,0,1,0
67,3,153387,"2619,55043200044","0,28089556968526","836,427114059719","270,905627796658","3,08752210451509","0,00218256312965136","0,00833763850910272",0,0,1,0
68,0,1421769,"24978,2541777049","0,0286361575683246","3291,22994467837","917,874644852057","3,58570744179218","0,00217589882354678","0,00819736018290865",1,0,0,0
68,1,41734,"921,352380466497","0,617800636248182","281,938850236606","206,686808343598","1,36408729950442","0,00312060135755278","0,007667041961499",1,0,0,0
68,2,36650,"922,256926036992","0,541476972692704","322,79790716994","157,987205105365","2,04319018717155","0,00368957501250323","0,00825342193575444",1,0,0,0
68,3,62823,"1814,82546853192","0,239694906185075","636,932965549379","222,790232343825","2,85889088964376","0,00349722752377369","0,0130904816258416",1,0,0,0
68,4,37664,"1131,49451609023","0,369684633041296","401,682113353572","151,163935224017","2,65726155354649","0,0062176640194614","0,0116865637394021",1,0,0,0
69,0,105423,"2247,83766184074","0,262189531711317","640,324637584346","279,065534325795","2,29453142299112","0,00514008473485196","0,00885863329090723",1,0,0,0
69,1,112519,"1553,39401102684","0,585966077715467","478,31851459204","308,724860721558","1,54933591507371","0,00262090977409286","0,00754140963857933",1,0,0,0
69,2,93046,"1923,43564158718","0,316047422717783","898,377222105096","135,141229591568","6,64769163948137","0,00353182457612333","0,0113060482892665",0,1,0,0
69,3,47795,"1104,76659402887","0,492097618016985","328,787128324933","205,05485562978","1,60341059622868","0,00263627269230771","0,00588559030906657",1,0,0,0
69,4,94767,"1814,77373670381","0,361594674358205","508,147517604257","268,49448439437","1,89258084295646","0,00210806289038129","0,00577504374909719",1,0,0,0
69,5,114414,"1943,22453019264","0,380752764182221","551,366249394947","309,960147647283","1,77882948366114","0,00340894126032583","0,00749982593864877",1,0,0,0
69,6,143293,"1897,81031663027","0,499953062370029","730,627543172298","255,025502416376","2,86491953255489","0,00242452331418852","0,00956134898332017",0,1,0,0
69,7,195601,"3184,7220048757","0,242347128057461","613,124400071755","482,81800451489","1,26988719214767","0,00226777751707666","0,00568336855984657",1,0,0,0
70,0,57225,"1166,49956672411","0,528477499804912","352,614527250067","222,983225065485","1,5813500192515","0,00235155988690642","0,00565719830055185",1,0,0,0
70,1,151432,"2124,57691065914","0,421582531649335","834,425595686395","236,547086065927","3,52752430631859","0,00408568535314668","0,00751271562094909",0,1,0,0
70,2,1003371,"6492,13448533452","0,29915508770557","1473,92957031603","1093,1520624549","1,34832986273292","0,000903888176587447","0,00437495882991697",0,0,1,0
71,0,55940,"1933,3523804665","0,188066001521365","345,409196203605","302,316747568035","1,14254072585202","0,00429801250292942","0,00901218968788411",1,0,0,0
71,1,398342,"5785,38217665552","0,149555316744831","928,179386455713","712,117018908315","1,3034085154693","0,00310913009191772","0,00697530637998491",1,0,0,0
71,2,50452,"1512,38181771802","0,277182211879019","309,146486879461","261,300854264563","1,18310553461282","0,00651724035423753","0,0114211332610273",1,0,0,0
72,0,869813,"9801,13066018991","0,113784577307031","1662,22939369093","1105,82898121653","1,50315231552559","0,00155579850635013","0,00407309831131822",0,0,1,0
72,1,100146,"1554,47936418858","0,520803086382234","615,609743732306","212,840040493082","2,89235870424633","0,00204618818002351","0,00428630744143698",0,0,0,1
72,2,69916,"2007,65389565666","0,217976033775739","643,735228300968","186,387691497817","3,45374323340717","0,00428963743515348","0,00834614627577225",1,0,0,0
73,0,1813981,"16207,7058377455","0,0867759758311967","2724,40159557086","1746,21373477516","1,56017647858076","0,000889464034674596","0,00367334958630327",0,0,1,0
73,1,88244,"1645,55043200044","0,409517680042797","632,579170728613","182,232066258977","3,4712835326667","0,00253673343805412","0,00458089550881017",0,0,0,1
73,2,52871,"1052,6173157302","0,599634164171766","364,97454188836","203,416876567485","1,79421957532258","0,00259109282147267","0,00645444031923184",1,0,0,0
74,0,57061,"1254,98484809835","0,455273400833947","455,507587748691","179,262445950728","2,54100955352295","0,00429338667789431","0,00781540380417272",1,0,0,0
74,1,728036,"8410,44732728172","0,129337519732779","1572,11199452175","919,959613531823","1,70889240288086","0,00171388794569229","0,00569472411581274",0,0,1,0
74,2,122106,"2114,48946545634","0,343190942239937","498,097474602014","394,010758581523","1,26417226878579","0,00265804545069317","0,0063868576478955",1,0,0,0
74,3,37050,"1102,80108191428","0,382828013056576","285,969229898243","199,814458126961","1,43117386288704","0,00822026417760675","0,0126544038132129",1,0,0,0
75,0,1223374,"12549,0932137117","0,0976212624969134","2350,01433563934","1205,89301432647","1,94877514648504","0,000962131914689729","0,00301176221327681",0,0,1,0
75,1,78474,"1369,40411229461","0,525862738532705","361,158985681277","324,674236742795","1,11237340327494","0,00373595573684083","0,00720615385636736",1,0,0,0
75,2,100338,"3530,64588642995","0,101150254923231","616,843943009475","393,001508575983","1,56957143814682","0,0051946687622514","0,00915280680937271",1,0,0,0
75,3,211774,"3231,67236508864","0,254816681007678","939,027028527411","319,960815065216","2,93481884128847","0,00219627750871598","0,00510274774758826",1,0,0,0
75,4,112583,"1763,45706961199","0,454938716687933","717,148656142501","202,541273186087","3,54075317519908","0,0027020486429973","0,00806989911227443",0,1,0,0
76,0,35305,"879,965512114594","0,572947431573243","301,873378044544","159,822024822357","1,88880962045174","0,00406617929494589","0,00713558026921461",1,0,0,0
76,1,311116,"3680,2652942012","0,288651592675723","904,32765860603","489,519343884634","1,84737880106972","0,00258478904521498","0,00430949635479717",1,0,0,0
76,2,70124,"2147,2173875177","0,191128087679876","488,511421443828","311,696783580698","1,56726487784675","0,005288756282265","0,00675414670580631",1,0,0,0
77,0,72306,"1677,97265478953","0,322711500582028","418,922500353055","281,922076268445","1,48595138734066","0,00451729236545689","0,00918213585192615",1,0,0,0
77,1,112949,"1668,47222151364","0,509863934887422","645,918629006259","228,744238117951","2,82375912206888","0,00263023318625549","0,00755589117290893",0,1,0,0
77,2,713263,"5867,1222920257","0,26038099291109","1305,41836997706","737,173635159641","1,77084245517593","0,00248964759712576","0,00691379909564652",0,0,1,0
77,3,76994,"1653,75440072005","0,353773029787632","449,604150878293","285,918760332128","1,57248915865481","0,00183711126713912","0,00474876154073472",1,0,0,0
78,0,1181818,"7813,46962185831","0,243261067587722","2166,79051806276","751,117235707208","2,88475675308214","0,00138518683433709","0,0069763237595308",0,0,1,0
78,1,502167,"6083,64206128534","0,170502490032919","1363,766656222","833,106181369461","1,63696619556974","0,00165859821818042","0,00509557633196997",1,0,0,0
78,2,34493,"839,847763108502","0,614525194274028","300,824907159775","149,832204926261","2,007745312884","0,00253126758158242","0,00694961732602535",1,0,0,0
78,3,168034,"2991,34942187367","0,235978663570178","532,946885427528","476,378215743943","1,11874738981346","0,00519493835439096","0,00899541246431541",1,0,0,0
79,0,325891,"5937,19422638934","0,116176882397009","1780,92617115467","781,409329386498","2,27912069152402","0,000757119967168714","0,00171410764944393",1,0,0,0
79,1,376389,"4008,51803615609","0,294360209004146","1392,84493628582","405,810648953483","3,432253293199","0,0018359604837952","0,00411052982922511",0,0,0,1
79,2,127296,"1783,82460198014","0,502713238982403","739,24694851862","220,734124052892","3,3490379056275","0,00394345994721358","0,00524993338063969",0,0,0,1
80,0,27978,"872,107647738325","0,462260026615714","284,473482365823","139,404934938046","2,04062705880712","0,00458287396022609","0,0127702604969968",1,0,0,0
80,1,1432169,"16313,6844097207","0,0676238698090791","3337,01549454926","796,535934240254","4,18940985723657","0,00169443222325092","0,0051322413140314",1,0,0,0
81,0,1267140,"6784,27957955108","0,345960878216338","2282,03437486774","736,501361688694","3,09847950536759","0,00129272528368389","0,0069477207731196",0,0,1,0
81,1,246627,"2568,31284194721","0,469845030298789","655,785101389889","504,985836878058","1,29862078002842","0,0015480466893782","0,00563247210003624",0,0,0,1
81,2,63722,"1989,89357775095","0,202227196651781","846,640894116467","143,789704426608","5,88804947817805","0,0061953511283774","0,0062925249571294",1,0,0,0
82,0,877292,"10362,7185386686","0,102661268968642","1936,09607030356","664,634241247146","2,91302486412766","0,00219213703193969","0,00550091762925149",0,0,1,0
82,1,101635,"3046,64588642995","0,137597073722855","678,478233563952","299,395006148086","2,26616416316699","0,00680143796594918","0,00920670786099651",1,0,0,0
83,0,113071,"2024,28845532957","0,346749864874846","481,605476924561","335,15624496357","1,43695808794167","0,00710488608642464","0,0100547736656824",1,0,0,0
83,1,93492,"1848,72914755063","0,343746066696608","746,629909270399","164,194051398035","4,54724091958995","0,00249165655519886","0,00603555531216314",0,1,0,0
83,2,86268,"1923,52308678997","0,292998088616373","875,596288053505","126,949306823317","6,89721204442748","0,00222441688344305","0,00479094534872059",0,1,0,0
83,3,1535933,"8531,68195874213","0,265162936742991","2066,97036233584","1054,21021014705","1,96068141101338","0,00118331480006924","0,0051170327999507",0,0,1,0
83,4,44326,"983,747258045114","0,575574223653727","327,061604191512","186,347841031889","1,75511346082911","0,00982731625079126","0,0152233556664262",1,0,0,0
84,0,614029,"3967,42258172659","0,490209614850677","1025,99581250649","819,154592949114","1,25250571911305","0,000912754572634289","0,00373470565196727",0,0,0,1
84,1,237718,"5310,71904628287","0,105916904277621","1264,61419583478","358,254626238615","3,52993123665201","0,00205601477516659","0,00522549795928199",1,0,0,0
84,2,39373,"1192,77669529664","0,347768370532555","342,94834716687","174,254667441172","1,96808700853106","0,0031116415052654","0,00814609006731534",1,0,0,0
84,3,48845,"2211,01637739093","0,12555848273457","551,10162241091","266,371410339966","2,06892181750116","0,00267771056461965","0,00663463262777574",1,0,0,0
84,4,155438,"2135,61644917843","0,428272855492182","883,45807272343","230,307937998545","3,83598620351944","0,00204282992754753","0,00529775892663171",0,0,0,1
84,5,169499,"2555,74848353439","0,32609247783089","916,121045836772","245,581373577969","3,73041746810621","0,0030589361933387","0,00831359150638805",0,1,0,0
85,0,52807,"1621,45288552989","0,25240194184771","393,082524825832","242,70380815929","1,61959768084004","0,00783795649662787","0,00959870528812888",1,0,0,0
85,1,423487,"7482,53354699524","0,0950501052035298","1002,12270207441","785,941604910993","1,27505999913047","0,00409499761687094","0,0079798257952225",0,0,1,0
86,0,143784,"3289,3220766632","0,166996598639335","934,350391919298","278,84793930576","3,35075236433709","0,00434122338755166","0,00755076231050879",0,0,0,1
86,1,387346,"4109,02770414797","0,28829081156307","1412,09687390964","412,037689819172","3,42710608471123","0,0017988325922367","0,00395692946307589",0,0,0,1
86,2,130884,"1813,13831047912","0,500304667377611","751,162159692592","223,39081694264","3,36254717169269","0,00430876656634079","0,00560199539782352",0,0,0,1
86,3,82156,"1436,70057685089","0,500168823694797","642,07570628444","169,971479966225","3,77754965957834","0,00889763885578318","0,0104704403930552",1,0,0,0
87,0,187944,"3354,78802205368","0,209849607967852","937,427096218843","516,30079342595","1,81566077014618","0,00166037988926379","0,00423566683424874",1,0,0,0
87,1,384639,"3650,49364953845","0,362710381693849","785,731969090655","656,777923650716","1,19634345308555","0,00149419568304493","0,00681125103914086",0,0,1,0
87,2,29557,"797,17871555019","0,584465426974479","257,610331706675","156,243605327907","1,64877360046852","0,00866737582042605","0,0158597530127889",1,0,0,0
87,3,66441,"2034,49660813128","0,201712161918507","410,739667696489","311,157079953536","1,32003960108452","0,0109511885427067","0,0113210252538513",1,0,0,0
88,0,958633,"12162,1369363131","0,0814408806576883","1667,15946870629","1313,21812327526","1,26952212976491","0,00187895665456999","0,00385309342834942",0,0,1,0
88,1,351571,"3932,27539546897","0,285716325737998","951,021733121501","515,239035132659","1,84578742733776","0,00248545188549997","0,00614306499617855",1,0,0,0
88,2,123731,"1956,10173055266","0,406354910601688","690,899164285967","240,529910243425","2,87240436578866","0,00206171893656457","0,00488938470061617",0,1,0,0
89,0,419675,"4551,55461608255","0,254567786510868","1062,17206442984","747,273505016141","1,42139666039263","0,00100120227225505","0,00433724917190487",0,0,1,0
89,1,444198,"4108,17070632348","0,330742115453605","1079,81455831885","649,11877554941","1,66350843480825","0,00119392470243614","0,00366253323708749",0,0,0,1
89,2,505178,"5498,83383669613","0,209948656770753","1185,77312648339","628,127725479109","1,88778982105738","0,00130751375145243","0,00497134070571992",0,0,1,0
89,3,122693,"2237,7829714198","0,307888678948432","896,866883326239","178,481988399209","5,02497137873781","0,00273667064455297","0,0085016301471018",0,1,0,0
89,4,145575,"2105,74429945228","0,412558363294682","548,320112224987","370,390354541203","1,48038442551827","0,0042548478456189","0,00744754232361023",1,0,0,0
89,5,66178,"1308,55844122716","0,485665501727804","540,60467501635","173,168944528159","3,12183386281737","0,0080262389373601","0,0104566865039442",1,0,0,0
90,0,58774,"1610,18080759124","0,284869413246693","452,775234218682","193,459984742391","2,34040768080072","0,00305090308690304","0,0121814108028464",1,0,0,0
90,1,137061,"2671,9696961967","0,241246323431885","682,68243008069","365,420065053956","1,86821276488988","0,00452755692605546","0,00895091895504649",0,0,1,0
90,2,647049,"9403,65338804238","0,091950439298546","1755,3571851179","719,805326946792","2,43865545225071","0,00244092859580563","0,00594070776187117",1,0,0,0
90,3,150345,"2303,86919113331","0,355945264289029","634,790882988078","384,592868463353","1,6505529224304","0,00151197802172824","0,00405634861217867",1,0,0,0
91,0,26464,"719,705627484771","0,642030344654739","269,88366516546","131,023682497299","2,05980827298929","0,0103135739241553","0,019511367142942",1,0,0,0
91,1,1559000,"15230,860166678","0,0844514513080131","2381,63581335634","1391,63529988366","1,71139364857693","0,00201846863984336","0,00522373541443976",0,0,1,0
92,0,910963,"7680,05418280666","0,19408055878125","2563,20738484338","599,48503631846","4,27568200965361","0,00168990143557073","0,0057220598962106",0,0,1,0
92,1,1064745,"6517,21269582132","0,31501532613446","2053,05447930755","740,737171716295","2,771636901319","0,0010745468225914","0,00551598648263061",0,0,1,0
93,0,823341,"10453,8383797157","0,0946755951068373","1573,19716048876","1156,59599200459","1,36019592957618","0,00146708809598054","0,00397603366874941",0,0,1,0
93,1,52234,"2152,02142802481","0,141732669172881","479,996587743065","217,566933401638","2,20620192709602","0,00326461864342936","0,00859974504042258",1,0,0,0
93,2,344181,"4915,36074863071","0,179013573393569","948,873484010122","549,90427585621","1,72552483344981","0,00214050364503414","0,0062752987365514",1,0,0,0
94,0,104396,"1827,25187540311","0,392913445064494","755,762575041083","183,217820303733","4,12494032397178","0,00432545677829744","0,0136437152588198",0,1,0,0
94,1,157851,"5623,03484682291","0,0627358305227794","1021,92578813744","366,010777485179","2,7920647450848","0,00499822524767934","0,00757280592093617",1,0,0,0
94,2,187095,"4358,44191771034","0,123768326804694","683,799852541247","492,697523167353","1,38786947445032","0,00656957408602286","0,00887001972073574",1,0,0,0
94,3,183087,"2694,07438534219","0,316991930744989","976,225683721871","248,582007836714","3,9271775629197","0,00188417749538413","0,00726181494318392",0,1,0,0
94,4,240494,"3107,88051789035","0,312885532084338","1173,58410422074","290,46512058312","4,04036154793637","0,00235189803846258","0,00566181195195524",0,0,1,0
94,5,33138,"801,227488785469","0,648670990408636","311,138404624814","140,700512689174","2,21135231619347","0,00472848365424271","0,00979197516673946",0,0,0,1
95,0,275095,"2718,09458787773","0,467911187772126","887,843184702122","451,816593795669","1,96505218465625","0,00146767626570644","0,00413282135311751",0,0,0,1
95,1,137665,"2089,23167286758","0,396332969154056","880,118805271397","202,732298168288","4,3412855929883","0,00314442088150488","0,00857553564861873",0,1,0,0
95,2,461106,"4704,5567081236","0,261802157807663","1127,31871208124","592,131876098245","1,90383047693619","0,00233647813064733","0,00482086258380434",0,0,0,1
95,3,139396,"2886,31998462214","0,210267050631342","632,880081999662","363,34366604446","1,74182225023904","0,00387709313854693","0,00804826681284213",1,0,0,0
96,0,413584,"6113,9263325328","0,139037896945202","1284,00258788564","562,941235557414","2,28088210062325","0,00248744912039393","0,00473808568640517",1,0,0,0
96,1,130799,"1960,1219330882","0,427807221291372","570,200110699286","318,767707744842","1,7887637199302","0,00147022110977974","0,00602905707971199",1,0,0,0
96,2,47878,"2145,91082169365","0,130653944151132","505,31955804253","236,988787424226","2,13225091167699","0,004088995812478","0,00719108420305317",1,0,0,0
96,3,69338,"2049,85908986555","0,207363902965003","678,41604359129","159,681886026975","4,24854728655125","0,00523238144349962","0,00809604859686273",1,0,0,0
97,0,917074,"8495,63910269251","0,159669562240525","2235,80690687036","781,231825766265","2,8618994172151","0,00126033082304534","0,00493510263032619",0,0,1,0
97,1,205825,"3469,34646328084","0,214888237187663","911,017346343931","525,10586154033","1,73492130457577","0,0026687663554021","0,00933810408682648",0,0,1,0
97,2,192523,"2692,53528009879","0,333710352267183","653,799827779456","446,129466811449","1,46549348657074","0,00625948493639783","0,0109897386066878",0,0,1,0
97,3,43535,"1296,47518010647","0,32547677103574","535,265699453492","119,840693361338","4,46647699074624","0,00767537123467427","0,0149708354313896",1,0,0,0
98,0,90326,"1741,21024484277","0,374386529909562","638,874225934778","202,044376933726","3,16204902918105","0,00396112626424449","0,00919755475806921",0,0,0,1
98,1,84892,"1787,61940777126","0,3338308800327","730,002149706805","187,972230291645","3,88356380394159","0,00222560867268031","0,00591247439411878",1,0,0,0
98,2,147193,"4449,22157159981","0,0934391658100245","903,912242321579","336,714357875679","2,68450756903963","0,00681487799698141","0,00876848396879222",1,0,0,0
98,3,253293,"3259,82460198014","0,299532937559227","898,390949662347","393,140511844064","2,28516503030521","0,00210932392205427","0,00497977591109175",1,0,0,0
98,4,184870,"2519,75562620933","0,365897513395682","981,555958001683","247,406498351433","3,96738147357558","0,00254921348725813","0,00630896845844728",0,1,0,0
98,5,241044,"3060,48354827068","0,32338963121361","1164,52034379696","292,860230922562","3,97636900076366","0,0026713131161636","0,00515087643161104",0,0,1,0
98,6,34711,"833,671139599365","0,627606532432532","323,420120523621","143,777034765712","2,24945604873993","0,00614266443017739","0,00970722226886527",1,0,0,0
